STD_ZIP5,STUSPS,category,event_index
01201,MA,LIMITED,1.0
01202,MA,LIMITED,1.0
01220,MA,LIMITED,1.0
01224,MA,LIMITED,1.0
01225,MA,LIMITED,1.0
01226,MA,LIMITED,1.0
01227,MA,LIMITED,1.0
01235,MA,LIMITED,1.0
01237,MA,LIMITED,1.0
01238,MA,LIMITED,1.0
01240,MA,LIMITED,1.0
01247,MA,LIMITED,1.0
01256,MA,LIMITED,1.0
01267,MA,LIMITED,1.0
01270,MA,LIMITED,1.0
01343,MA,LIMITED,1.0
01350,MA,LIMITED,1.0
03215,NH,LIMITED,1.0
03223,NH,LIMITED,1.0
03227,NH,LIMITED,1.0
03251,NH,LIMITED,1.0
03259,NH,LIMITED,1.0
03262,NH,LIMITED,1.0
03285,NH,LIMITED,1.0
03582,NH,LIMITED,1.0
03583,NH,LIMITED,1.0
03593,NH,LIMITED,1.0
03595,NH,LIMITED,1.0
03812,NH,LIMITED,1.0
03838,NH,LIMITED,1.0
03846,NH,LIMITED,1.0
03883,NH,LIMITED,1.0
03890,NH,LIMITED,1.0
03897,NH,LIMITED,1.0
04964,ME,LIMITED,1.0
04970,ME,LIMITED,1.0
05148,VT,LIMITED,1.0
05152,VT,LIMITED,1.0
05155,VT,LIMITED,1.0
05201,VT,LIMITED,1.0
05250,VT,LIMITED,1.0
05251,VT,LIMITED,1.0
05252,VT,LIMITED,1.0
05253,VT,LIMITED,1.0
05254,VT,LIMITED,1.0
05255,VT,LIMITED,1.0
05257,VT,LIMITED,1.0
05260,VT,LIMITED,1.0
05261,VT,LIMITED,1.0
05262,VT,LIMITED,1.0
05340,VT,LIMITED,1.0
05343,VT,LIMITED,1.0
05350,VT,LIMITED,1.0
05352,VT,LIMITED,1.0
05355,VT,LIMITED,1.0
05356,VT,LIMITED,1.0
05359,VT,LIMITED,1.0
05360,VT,LIMITED,1.0
05363,VT,LIMITED,1.0
05662,VT,LIMITED,1.0
05672,VT,LIMITED,1.0
05768,VT,LIMITED,1.0
05776,VT,LIMITED,1.0
12009,NY,LIMITED,1.0
12010,NY,LIMITED,1.0
12020,NY,LIMITED,1.0
12022,NY,LIMITED,1.0
12023,NY,LIMITED,1.0
12025,NY,LIMITED,1.0
12028,NY,LIMITED,1.0
12031,NY,LIMITED,1.0
12032,NY,LIMITED,1.0
12035,NY,LIMITED,1.0
12036,NY,LIMITED,1.0
12040,NY,LIMITED,1.0
12043,NY,LIMITED,1.0
12053,NY,LIMITED,1.0
12056,NY,LIMITED,1.0
12057,NY,LIMITED,1.0
12059,NY,LIMITED,1.0
12066,NY,LIMITED,1.0
12068,NY,LIMITED,1.0
12069,NY,LIMITED,1.0
12070,NY,LIMITED,1.0
12071,NY,LIMITED,1.0
12072,NY,LIMITED,1.0
12074,NY,LIMITED,1.0
12076,NY,LIMITED,1.0
12078,NY,LIMITED,1.0
12083,NY,LIMITED,1.0
12085,NY,LIMITED,1.0
12086,NY,LIMITED,1.0
12090,NY,LIMITED,1.0
12092,NY,LIMITED,1.0
12093,NY,LIMITED,1.0
12094,NY,LIMITED,1.0
12095,NY,LIMITED,1.0
12108,NY,LIMITED,1.0
12117,NY,LIMITED,1.0
12120,NY,LIMITED,1.0
12122,NY,LIMITED,1.0
12125,NY,LIMITED,1.0
12131,NY,LIMITED,1.0
12134,NY,LIMITED,1.0
12137,NY,LIMITED,1.0
12138,NY,LIMITED,1.0
12139,NY,LIMITED,1.0
12147,NY,LIMITED,1.0
12149,NY,LIMITED,1.0
12150,NY,LIMITED,1.0
12153,NY,LIMITED,1.0
12157,NY,LIMITED,1.0
12160,NY,LIMITED,1.0
12164,NY,LIMITED,1.0
12166,NY,LIMITED,1.0
12167,NY,LIMITED,1.0
12168,NY,LIMITED,1.0
12169,NY,LIMITED,1.0
12175,NY,LIMITED,1.0
12177,NY,LIMITED,1.0
12187,NY,LIMITED,1.0
12190,NY,LIMITED,1.0
12193,NY,LIMITED,1.0
12194,NY,LIMITED,1.0
12306,NY,LIMITED,1.0
12404,NY,LIMITED,1.0
12405,NY,LIMITED,1.0
12406,NY,LIMITED,1.0
12407,NY,LIMITED,1.0
12409,NY,LIMITED,1.0
12410,NY,LIMITED,1.0
12412,NY,LIMITED,1.0
12413,NY,LIMITED,1.0
12416,NY,LIMITED,1.0
12418,NY,LIMITED,1.0
12420,NY,LIMITED,1.0
12421,NY,LIMITED,1.0
12422,NY,LIMITED,1.0
12423,NY,LIMITED,1.0
12424,NY,LIMITED,1.0
12427,NY,LIMITED,1.0
12428,NY,LIMITED,1.0
12430,NY,LIMITED,1.0
12431,NY,LIMITED,1.0
12433,NY,LIMITED,1.0
12434,NY,LIMITED,1.0
12435,NY,LIMITED,1.0
12436,NY,LIMITED,1.0
12438,NY,LIMITED,1.0
12439,NY,LIMITED,1.0
12441,NY,LIMITED,1.0
12442,NY,LIMITED,1.0
12444,NY,LIMITED,1.0
12446,NY,LIMITED,1.0
12448,NY,LIMITED,1.0
12450,NY,LIMITED,1.0
12454,NY,LIMITED,1.0
12455,NY,LIMITED,1.0
12457,NY,LIMITED,1.0
12458,NY,LIMITED,1.0
12459,NY,LIMITED,1.0
12460,NY,LIMITED,1.0
12461,NY,LIMITED,1.0
12464,NY,LIMITED,1.0
12465,NY,LIMITED,1.0
12468,NY,LIMITED,1.0
12469,NY,LIMITED,1.0
12470,NY,LIMITED,1.0
12473,NY,LIMITED,1.0
12474,NY,LIMITED,1.0
12480,NY,LIMITED,1.0
12481,NY,LIMITED,1.0
12483,NY,LIMITED,1.0
12485,NY,LIMITED,1.0
12489,NY,LIMITED,1.0
12492,NY,LIMITED,1.0
12494,NY,LIMITED,1.0
12495,NY,LIMITED,1.0
12496,NY,LIMITED,1.0
12498,NY,LIMITED,1.0
12566,NY,LIMITED,1.0
12594,NY,LIMITED,1.0
12701,NY,LIMITED,1.0
12719,NY,LIMITED,1.0
12720,NY,LIMITED,1.0
12721,NY,LIMITED,1.0
12722,NY,LIMITED,1.0
12723,NY,LIMITED,1.0
12724,NY,LIMITED,1.0
12725,NY,LIMITED,1.0
12726,NY,LIMITED,1.0
12729,NY,LIMITED,1.0
12732,NY,LIMITED,1.0
12733,NY,LIMITED,1.0
12734,NY,LIMITED,1.0
12736,NY,LIMITED,1.0
12737,NY,LIMITED,1.0
12738,NY,LIMITED,1.0
12740,NY,LIMITED,1.0
12741,NY,LIMITED,1.0
12742,NY,LIMITED,1.0
12743,NY,LIMITED,1.0
12745,NY,LIMITED,1.0
12746,NY,LIMITED,1.0
12747,NY,LIMITED,1.0
12748,NY,LIMITED,1.0
12749,NY,LIMITED,1.0
12750,NY,LIMITED,1.0
12751,NY,LIMITED,1.0
12752,NY,LIMITED,1.0
12754,NY,LIMITED,1.0
12758,NY,LIMITED,1.0
12759,NY,LIMITED,1.0
12760,NY,LIMITED,1.0
12762,NY,LIMITED,1.0
12763,NY,LIMITED,1.0
12764,NY,LIMITED,1.0
12765,NY,LIMITED,1.0
12766,NY,LIMITED,1.0
12767,NY,LIMITED,1.0
12768,NY,LIMITED,1.0
12770,NY,LIMITED,1.0
12771,NY,LIMITED,1.0
12775,NY,LIMITED,1.0
12776,NY,LIMITED,1.0
12777,NY,LIMITED,1.0
12778,NY,LIMITED,1.0
12779,NY,LIMITED,1.0
12780,NY,LIMITED,1.0
12783,NY,LIMITED,1.0
12785,NY,LIMITED,1.0
12786,NY,LIMITED,1.0
12787,NY,LIMITED,1.0
12788,NY,LIMITED,1.0
12789,NY,LIMITED,1.0
12790,NY,LIMITED,1.0
12791,NY,LIMITED,1.0
12792,NY,LIMITED,1.0
12801,NY,LIMITED,1.0
12803,NY,LIMITED,1.0
12804,NY,LIMITED,1.0
12808,NY,LIMITED,1.0
12809,NY,LIMITED,1.0
12810,NY,LIMITED,1.0
12811,NY,LIMITED,1.0
12812,NY,LIMITED,1.0
12814,NY,LIMITED,1.0
12815,NY,LIMITED,1.0
12816,NY,LIMITED,1.0
12817,NY,LIMITED,1.0
12819,NY,LIMITED,1.0
12822,NY,LIMITED,1.0
12823,NY,LIMITED,1.0
12824,NY,LIMITED,1.0
12827,NY,LIMITED,1.0
12828,NY,LIMITED,1.0
12831,NY,LIMITED,1.0
12833,NY,LIMITED,1.0
12834,NY,LIMITED,1.0
12835,NY,LIMITED,1.0
12836,NY,LIMITED,1.0
12838,NY,LIMITED,1.0
12839,NY,LIMITED,1.0
12841,NY,LIMITED,1.0
12842,NY,LIMITED,1.0
12843,NY,LIMITED,1.0
12844,NY,LIMITED,1.0
12845,NY,LIMITED,1.0
12846,NY,LIMITED,1.0
12847,NY,LIMITED,1.0
12850,NY,LIMITED,1.0
12851,NY,LIMITED,1.0
12852,NY,LIMITED,1.0
12853,NY,LIMITED,1.0
12855,NY,LIMITED,1.0
12856,NY,LIMITED,1.0
12857,NY,LIMITED,1.0
12858,NY,LIMITED,1.0
12859,NY,LIMITED,1.0
12860,NY,LIMITED,1.0
12862,NY,LIMITED,1.0
12863,NY,LIMITED,1.0
12864,NY,LIMITED,1.0
12865,NY,LIMITED,1.0
12866,NY,LIMITED,1.0
12870,NY,LIMITED,1.0
12871,NY,LIMITED,1.0
12872,NY,LIMITED,1.0
12873,NY,LIMITED,1.0
12874,NY,LIMITED,1.0
12878,NY,LIMITED,1.0
12884,NY,LIMITED,1.0
12885,NY,LIMITED,1.0
12886,NY,LIMITED,1.0
12913,NY,LIMITED,1.0
12942,NY,LIMITED,1.0
12943,NY,LIMITED,1.0
12946,NY,LIMITED,1.0
12976,NY,LIMITED,1.0
12977,NY,LIMITED,1.0
12983,NY,LIMITED,1.0
12987,NY,LIMITED,1.0
12997,NY,LIMITED,1.0
13301,NY,LIMITED,1.0
13303,NY,LIMITED,1.0
13304,NY,LIMITED,1.0
13309,NY,LIMITED,1.0
13312,NY,LIMITED,1.0
13317,NY,LIMITED,1.0
13324,NY,LIMITED,1.0
13325,NY,LIMITED,1.0
13329,NY,LIMITED,1.0
13331,NY,LIMITED,1.0
13338,NY,LIMITED,1.0
13339,NY,LIMITED,1.0
13345,NY,LIMITED,1.0
13352,NY,LIMITED,1.0
13353,NY,LIMITED,1.0
13354,NY,LIMITED,1.0
13360,NY,LIMITED,1.0
13365,NY,LIMITED,1.0
13368,NY,LIMITED,1.0
13406,NY,LIMITED,1.0
13410,NY,LIMITED,1.0
13416,NY,LIMITED,1.0
13420,NY,LIMITED,1.0
13428,NY,LIMITED,1.0
13431,NY,LIMITED,1.0
13433,NY,LIMITED,1.0
13435,NY,LIMITED,1.0
13436,NY,LIMITED,1.0
13438,NY,LIMITED,1.0
13452,NY,LIMITED,1.0
13454,NY,LIMITED,1.0
13459,NY,LIMITED,1.0
13470,NY,LIMITED,1.0
13472,NY,LIMITED,1.0
13473,NY,LIMITED,1.0
13475,NY,LIMITED,1.0
13486,NY,LIMITED,1.0
13489,NY,LIMITED,1.0
13494,NY,LIMITED,1.0
13730,NY,LIMITED,1.0
13731,NY,LIMITED,1.0
13733,NY,LIMITED,1.0
13739,NY,LIMITED,1.0
13740,NY,LIMITED,1.0
13750,NY,LIMITED,1.0
13752,NY,LIMITED,1.0
13753,NY,LIMITED,1.0
13754,NY,LIMITED,1.0
13755,NY,LIMITED,1.0
13756,NY,LIMITED,1.0
13757,NY,LIMITED,1.0
13774,NY,LIMITED,1.0
13775,NY,LIMITED,1.0
13776,NY,LIMITED,1.0
13780,NY,LIMITED,1.0
13782,NY,LIMITED,1.0
13783,NY,LIMITED,1.0
13786,NY,LIMITED,1.0
13788,NY,LIMITED,1.0
13804,NY,LIMITED,1.0
13806,NY,LIMITED,1.0
13809,NY,LIMITED,1.0
13814,NY,LIMITED,1.0
13815,NY,LIMITED,1.0
13825,NY,LIMITED,1.0
13830,NY,LIMITED,1.0
13832,NY,LIMITED,1.0
13838,NY,LIMITED,1.0
13839,NY,LIMITED,1.0
13842,NY,LIMITED,1.0
13843,NY,LIMITED,1.0
13844,NY,LIMITED,1.0
13846,NY,LIMITED,1.0
13849,NY,LIMITED,1.0
13856,NY,LIMITED,1.0
13859,NY,LIMITED,1.0
15821,PA,LIMITED,1.0
15827,PA,LIMITED,1.0
15832,PA,LIMITED,1.0
15834,PA,LIMITED,1.0
15845,PA,LIMITED,1.0
15846,PA,LIMITED,1.0
15849,PA,LIMITED,1.0
15853,PA,LIMITED,1.0
15857,PA,LIMITED,1.0
15861,PA,LIMITED,1.0
15868,PA,LIMITED,1.0
15870,PA,LIMITED,1.0
16313,PA,LIMITED,1.0
16329,PA,LIMITED,1.0
16340,PA,LIMITED,1.0
16345,PA,LIMITED,1.0
16347,PA,LIMITED,1.0
16352,PA,LIMITED,1.0
16365,PA,LIMITED,1.0
16371,PA,LIMITED,1.0
16436,PA,LIMITED,1.0
16701,PA,LIMITED,1.0
16720,PA,LIMITED,1.0
16726,PA,LIMITED,1.0
16727,PA,LIMITED,1.0
16729,PA,LIMITED,1.0
16731,PA,LIMITED,1.0
16732,PA,LIMITED,1.0
16735,PA,LIMITED,1.0
16738,PA,LIMITED,1.0
16740,PA,LIMITED,1.0
16743,PA,LIMITED,1.0
16744,PA,LIMITED,1.0
16745,PA,LIMITED,1.0
16746,PA,LIMITED,1.0
16748,PA,LIMITED,1.0
16749,PA,LIMITED,1.0
16750,PA,LIMITED,1.0
16801,PA,LIMITED,1.0
16802,PA,LIMITED,1.0
16803,PA,LIMITED,1.0
16804,PA,LIMITED,1.0
16820,PA,LIMITED,1.0
16821,PA,LIMITED,1.0
16822,PA,LIMITED,1.0
16823,PA,LIMITED,1.0
16827,PA,LIMITED,1.0
16828,PA,LIMITED,1.0
16829,PA,LIMITED,1.0
16832,PA,LIMITED,1.0
16836,PA,LIMITED,1.0
16839,PA,LIMITED,1.0
16841,PA,LIMITED,1.0
16844,PA,LIMITED,1.0
16845,PA,LIMITED,1.0
16850,PA,LIMITED,1.0
16852,PA,LIMITED,1.0
16853,PA,LIMITED,1.0
16854,PA,LIMITED,1.0
16858,PA,LIMITED,1.0
16859,PA,LIMITED,1.0
16860,PA,LIMITED,1.0
16864,PA,LIMITED,1.0
16871,PA,LIMITED,1.0
16872,PA,LIMITED,1.0
16874,PA,LIMITED,1.0
16875,PA,LIMITED,1.0
16879,PA,LIMITED,1.0
16882,PA,LIMITED,1.0
16901,PA,LIMITED,1.0
16910,PA,LIMITED,1.0
16912,PA,LIMITED,1.0
16915,PA,LIMITED,1.0
16917,PA,LIMITED,1.0
16921,PA,LIMITED,1.0
16922,PA,LIMITED,1.0
16923,PA,LIMITED,1.0
16927,PA,LIMITED,1.0
16930,PA,LIMITED,1.0
16932,PA,LIMITED,1.0
16933,PA,LIMITED,1.0
16935,PA,LIMITED,1.0
16937,PA,LIMITED,1.0
16938,PA,LIMITED,1.0
16941,PA,LIMITED,1.0
16943,PA,LIMITED,1.0
16948,PA,LIMITED,1.0
16950,PA,LIMITED,1.0
17701,PA,LIMITED,1.0
17702,PA,LIMITED,1.0
17703,PA,LIMITED,1.0
17720,PA,LIMITED,1.0
17721,PA,LIMITED,1.0
17723,PA,LIMITED,1.0
17724,PA,LIMITED,1.0
17727,PA,LIMITED,1.0
17728,PA,LIMITED,1.0
17729,PA,LIMITED,1.0
17731,PA,LIMITED,1.0
17735,PA,LIMITED,1.0
17739,PA,LIMITED,1.0
17740,PA,LIMITED,1.0
17744,PA,LIMITED,1.0
17745,PA,LIMITED,1.0
17747,PA,LIMITED,1.0
17748,PA,LIMITED,1.0
17751,PA,LIMITED,1.0
17754,PA,LIMITED,1.0
17758,PA,LIMITED,1.0
17760,PA,LIMITED,1.0
17763,PA,LIMITED,1.0
17764,PA,LIMITED,1.0
17765,PA,LIMITED,1.0
17768,PA,LIMITED,1.0
17769,PA,LIMITED,1.0
17771,PA,LIMITED,1.0
17776,PA,LIMITED,1.0
17778,PA,LIMITED,1.0
17779,PA,LIMITED,1.0
17810,PA,LIMITED,1.0
17812,PA,LIMITED,1.0
17813,PA,LIMITED,1.0
17829,PA,LIMITED,1.0
17835,PA,LIMITED,1.0
17845,PA,LIMITED,1.0
17885,PA,LIMITED,1.0
18058,PA,LIMITED,1.0
18071,PA,LIMITED,1.0
18201,PA,LIMITED,1.0
18202,PA,LIMITED,1.0
18210,PA,LIMITED,1.0
18216,PA,LIMITED,1.0
18219,PA,LIMITED,1.0
18221,PA,LIMITED,1.0
18222,PA,LIMITED,1.0
18224,PA,LIMITED,1.0
18229,PA,LIMITED,1.0
18230,PA,LIMITED,1.0
18231,PA,LIMITED,1.0
18232,PA,LIMITED,1.0
18234,PA,LIMITED,1.0
18235,PA,LIMITED,1.0
18237,PA,LIMITED,1.0
18240,PA,LIMITED,1.0
18248,PA,LIMITED,1.0
18249,PA,LIMITED,1.0
18254,PA,LIMITED,1.0
18255,PA,LIMITED,1.0
18301,PA,LIMITED,1.0
18302,PA,LIMITED,1.0
18320,PA,LIMITED,1.0
18321,PA,LIMITED,1.0
18322,PA,LIMITED,1.0
18323,PA,LIMITED,1.0
18325,PA,LIMITED,1.0
18326,PA,LIMITED,1.0
18327,PA,LIMITED,1.0
18328,PA,LIMITED,1.0
18330,PA,LIMITED,1.0
18331,PA,LIMITED,1.0
18332,PA,LIMITED,1.0
18333,PA,LIMITED,1.0
18334,PA,LIMITED,1.0
18335,PA,LIMITED,1.0
18336,PA,LIMITED,1.0
18337,PA,LIMITED,1.0
18340,PA,LIMITED,1.0
18342,PA,LIMITED,1.0
18344,PA,LIMITED,1.0
18346,PA,LIMITED,1.0
18347,PA,LIMITED,1.0
18350,PA,LIMITED,1.0
18352,PA,LIMITED,1.0
18353,PA,LIMITED,1.0
18354,PA,LIMITED,1.0
18355,PA,LIMITED,1.0
18356,PA,LIMITED,1.0
18357,PA,LIMITED,1.0
18360,PA,LIMITED,1.0
18370,PA,LIMITED,1.0
18371,PA,LIMITED,1.0
18372,PA,LIMITED,1.0
18403,PA,LIMITED,1.0
18405,PA,LIMITED,1.0
18407,PA,LIMITED,1.0
18410,PA,LIMITED,1.0
18411,PA,LIMITED,1.0
18413,PA,LIMITED,1.0
18414,PA,LIMITED,1.0
18415,PA,LIMITED,1.0
18417,PA,LIMITED,1.0
18419,PA,LIMITED,1.0
18420,PA,LIMITED,1.0
18421,PA,LIMITED,1.0
18424,PA,LIMITED,1.0
18425,PA,LIMITED,1.0
18426,PA,LIMITED,1.0
18427,PA,LIMITED,1.0
18428,PA,LIMITED,1.0
18430,PA,LIMITED,1.0
18431,PA,LIMITED,1.0
18433,PA,LIMITED,1.0
18434,PA,LIMITED,1.0
18435,PA,LIMITED,1.0
18436,PA,LIMITED,1.0
18437,PA,LIMITED,1.0
18438,PA,LIMITED,1.0
18439,PA,LIMITED,1.0
18441,PA,LIMITED,1.0
18443,PA,LIMITED,1.0
18444,PA,LIMITED,1.0
18445,PA,LIMITED,1.0
18446,PA,LIMITED,1.0
18447,PA,LIMITED,1.0
18451,PA,LIMITED,1.0
18452,PA,LIMITED,1.0
18453,PA,LIMITED,1.0
18454,PA,LIMITED,1.0
18455,PA,LIMITED,1.0
18456,PA,LIMITED,1.0
18457,PA,LIMITED,1.0
18458,PA,LIMITED,1.0
18460,PA,LIMITED,1.0
18461,PA,LIMITED,1.0
18462,PA,LIMITED,1.0
18463,PA,LIMITED,1.0
18464,PA,LIMITED,1.0
18465,PA,LIMITED,1.0
18466,PA,LIMITED,1.0
18469,PA,LIMITED,1.0
18470,PA,LIMITED,1.0
18471,PA,LIMITED,1.0
18472,PA,LIMITED,1.0
18473,PA,LIMITED,1.0
18501,PA,LIMITED,1.0
18503,PA,LIMITED,1.0
18504,PA,LIMITED,1.0
18505,PA,LIMITED,1.0
18507,PA,LIMITED,1.0
18508,PA,LIMITED,1.0
18509,PA,LIMITED,1.0
18510,PA,LIMITED,1.0
18512,PA,LIMITED,1.0
18517,PA,LIMITED,1.0
18518,PA,LIMITED,1.0
18519,PA,LIMITED,1.0
18602,PA,LIMITED,1.0
18610,PA,LIMITED,1.0
18612,PA,LIMITED,1.0
18614,PA,LIMITED,1.0
18615,PA,LIMITED,1.0
18616,PA,LIMITED,1.0
18617,PA,LIMITED,1.0
18618,PA,LIMITED,1.0
18619,PA,LIMITED,1.0
18621,PA,LIMITED,1.0
18623,PA,LIMITED,1.0
18624,PA,LIMITED,1.0
18625,PA,LIMITED,1.0
18626,PA,LIMITED,1.0
18628,PA,LIMITED,1.0
18629,PA,LIMITED,1.0
18630,PA,LIMITED,1.0
18632,PA,LIMITED,1.0
18634,PA,LIMITED,1.0
18636,PA,LIMITED,1.0
18640,PA,LIMITED,1.0
18641,PA,LIMITED,1.0
18642,PA,LIMITED,1.0
18643,PA,LIMITED,1.0
18644,PA,LIMITED,1.0
18651,PA,LIMITED,1.0
18655,PA,LIMITED,1.0
18656,PA,LIMITED,1.0
18657,PA,LIMITED,1.0
18660,PA,LIMITED,1.0
18661,PA,LIMITED,1.0
18701,PA,LIMITED,1.0
18702,PA,LIMITED,1.0
18703,PA,LIMITED,1.0
18704,PA,LIMITED,1.0
18705,PA,LIMITED,1.0
18706,PA,LIMITED,1.0
18707,PA,LIMITED,1.0
18708,PA,LIMITED,1.0
18709,PA,LIMITED,1.0
18710,PA,LIMITED,1.0
18801,PA,LIMITED,1.0
18816,PA,LIMITED,1.0
18818,PA,LIMITED,1.0
18823,PA,LIMITED,1.0
18824,PA,LIMITED,1.0
18825,PA,LIMITED,1.0
18826,PA,LIMITED,1.0
18828,PA,LIMITED,1.0
18829,PA,LIMITED,1.0
18834,PA,LIMITED,1.0
18842,PA,LIMITED,1.0
18843,PA,LIMITED,1.0
18844,PA,LIMITED,1.0
18845,PA,LIMITED,1.0
18846,PA,LIMITED,1.0
18847,PA,LIMITED,1.0
24292,VA,LIMITED,1.0
24915,WV,MINOR,2.0
24920,WV,MINOR,2.0
24927,WV,LIMITED,1.0
24934,WV,LIMITED,1.0
24944,WV,LIMITED,1.0
26209,WV,MINOR,2.0
26264,WV,MINOR,2.0
26291,WV,MINOR,2.0
28604,NC,LIMITED,1.0
28605,NC,LIMITED,1.0
28607,NC,LIMITED,1.0
28657,NC,LIMITED,1.0
49338,MI,LIMITED,1.0
49623,MI,LIMITED,1.0
49631,MI,LIMITED,1.0
49639,MI,LIMITED,1.0
49655,MI,LIMITED,1.0
49656,MI,LIMITED,1.0
49677,MI,LIMITED,1.0
49876,MI,LIMITED,1.0
49969,MI,LIMITED,1.0
54128,WI,LIMITED,1.0
54135,WI,LIMITED,1.0
54150,WI,LIMITED,1.0
54401,WI,LIMITED,1.0
54402,WI,LIMITED,1.0
54403,WI,LIMITED,1.0
54408,WI,LIMITED,1.0
54409,WI,LIMITED,1.0
54414,WI,LIMITED,1.0
54416,WI,LIMITED,1.0
54417,WI,LIMITED,1.0
54418,WI,LIMITED,1.0
54424,WI,LIMITED,1.0
54428,WI,LIMITED,1.0
54435,WI,LIMITED,1.0
54448,WI,LIMITED,1.0
54450,WI,LIMITED,1.0
54452,WI,LIMITED,1.0
54454,WI,LIMITED,1.0
54455,WI,LIMITED,1.0
54463,WI,LIMITED,1.0
54464,WI,LIMITED,1.0
54471,WI,LIMITED,1.0
54474,WI,LIMITED,1.0
54476,WI,LIMITED,1.0
54485,WI,LIMITED,1.0
54495,WI,LIMITED,1.0
54512,WI,LIMITED,1.0
54514,WI,LIMITED,1.0
54519,WI,LIMITED,1.0
54521,WI,LIMITED,1.0
54538,WI,LIMITED,1.0
54540,WI,LIMITED,1.0
54542,WI,LIMITED,1.0
54545,WI,LIMITED,1.0
54547,WI,LIMITED,1.0
54548,WI,LIMITED,1.0
54552,WI,LIMITED,1.0
54554,WI,LIMITED,1.0
54557,WI,LIMITED,1.0
54558,WI,LIMITED,1.0
54560,WI,LIMITED,1.0
54561,WI,LIMITED,1.0
54562,WI,LIMITED,1.0
54568,WI,LIMITED,1.0
54928,WI,LIMITED,1.0
54948,WI,LIMITED,1.0
54978,WI,LIMITED,1.0
55602,MN,LIMITED,1.0
55603,MN,LIMITED,1.0
55604,MN,LIMITED,1.0
55605,MN,LIMITED,1.0
55606,MN,LIMITED,1.0
55607,MN,LIMITED,1.0
55612,MN,LIMITED,1.0
55615,MN,LIMITED,1.0
55706,MN,LIMITED,1.0
55725,MN,LIMITED,1.0
55731,MN,LIMITED,1.0
55750,MN,LIMITED,1.0
55771,MN,LIMITED,1.0
55782,MN,LIMITED,1.0
55796,MN,LIMITED,1.0
56510,MN,MINOR,2.0
56511,MN,LIMITED,1.0
56516,MN,MINOR,2.0
56517,MN,MINOR,2.0
56519,MN,LIMITED,1.0
56521,MN,LIMITED,1.0
56523,MN,MINOR,2.0
56529,MN,LIMITED,1.0
56535,MN,MINOR,2.0
56536,MN,LIMITED,1.0
56540,MN,MINOR,2.0
56541,MN,MINOR,2.0
56542,MN,MINOR,2.0
56545,MN,MINOR,2.0
56546,MN,LIMITED,1.0
56547,MN,LIMITED,1.0
56548,MN,MINOR,2.0
56549,MN,LIMITED,1.0
56550,MN,MINOR,2.0
56552,MN,LIMITED,1.0
56554,MN,LIMITED,1.0
56556,MN,MINOR,2.0
56557,MN,MINOR,2.0
56566,MN,LIMITED,1.0
56568,MN,MINOR,2.0
56569,MN,LIMITED,1.0
56574,MN,MINOR,2.0
56581,MN,MINOR,2.0
56584,MN,MINOR,2.0
56585,MN,LIMITED,1.0
56589,MN,LIMITED,1.0
56591,MN,LIMITED,1.0
56592,MN,MINOR,2.0
56601,MN,LIMITED,1.0
56619,MN,LIMITED,1.0
56621,MN,LIMITED,1.0
56623,MN,LIMITED,1.0
56627,MN,LIMITED,1.0
56628,MN,LIMITED,1.0
56630,MN,LIMITED,1.0
56633,MN,LIMITED,1.0
56634,MN,LIMITED,1.0
56637,MN,LIMITED,1.0
56639,MN,LIMITED,1.0
56644,MN,LIMITED,1.0
56646,MN,LIMITED,1.0
56647,MN,LIMITED,1.0
56649,MN,LIMITED,1.0
56650,MN,LIMITED,1.0
56651,MN,MINOR,2.0
56652,MN,LIMITED,1.0
56653,MN,LIMITED,1.0
56654,MN,LIMITED,1.0
56657,MN,LIMITED,1.0
56658,MN,LIMITED,1.0
56659,MN,LIMITED,1.0
56660,MN,LIMITED,1.0
56661,MN,LIMITED,1.0
56663,MN,LIMITED,1.0
56667,MN,LIMITED,1.0
56669,MN,LIMITED,1.0
56673,MN,LIMITED,1.0
56676,MN,LIMITED,1.0
56678,MN,LIMITED,1.0
56680,MN,LIMITED,1.0
56681,MN,LIMITED,1.0
56683,MN,LIMITED,1.0
56684,MN,MINOR,2.0
56685,MN,LIMITED,1.0
56686,MN,LIMITED,1.0
56688,MN,LIMITED,1.0
56701,MN,MINOR,2.0
56710,MN,MINOR,2.0
56711,MN,MINOR,2.0
56713,MN,MINOR,2.0
56714,MN,MINOR,2.0
56715,MN,MINOR,2.0
56716,MN,MINOR,2.0
56721,MN,MINOR,2.0
56722,MN,MINOR,2.0
56723,MN,MINOR,2.0
56724,MN,MINOR,2.0
56725,MN,MINOR,2.0
56726,MN,MINOR,2.0
56727,MN,MINOR,2.0
56728,MN,MINOR,2.0
56729,MN,MINOR,2.0
56731,MN,MINOR,2.0
56732,MN,MINOR,2.0
56733,MN,MINOR,2.0
56734,MN,MINOR,2.0
56735,MN,MINOR,2.0
56736,MN,MINOR,2.0
56737,MN,MINOR,2.0
56738,MN,MINOR,2.0
56742,MN,MINOR,2.0
56744,MN,MINOR,2.0
56748,MN,MINOR,2.0
56750,MN,MINOR,2.0
56751,MN,MINOR,2.0
56754,MN,MINOR,2.0
56755,MN,MINOR,2.0
56756,MN,MINOR,2.0
56757,MN,MINOR,2.0
56758,MN,MINOR,2.0
56759,MN,MINOR,2.0
56760,MN,MINOR,2.0
56761,MN,MINOR,2.0
56762,MN,MINOR,2.0
56763,MN,MINOR,2.0
57457,SD,LIMITED,1.0
57634,SD,LIMITED,1.0
57638,SD,LIMITED,1.0
57645,SD,LIMITED,1.0
57732,SD,LIMITED,1.0
57754,SD,LIMITED,1.0
57783,SD,LIMITED,1.0
58002,ND,LIMITED,1.0
58004,ND,MINOR,2.0
58005,ND,MINOR,2.0
58006,ND,MINOR,2.0
58007,ND,LIMITED,1.0
58009,ND,LIMITED,1.0
58011,ND,LIMITED,1.0
58012,ND,MINOR,2.0
58016,ND,LIMITED,1.0
58021,ND,LIMITED,1.0
58027,ND,LIMITED,1.0
58029,ND,LIMITED,1.0
58031,ND,LIMITED,1.0
58033,ND,LIMITED,1.0
58035,ND,LIMITED,1.0
58036,ND,MINOR,2.0
58038,ND,MINOR,2.0
58042,ND,LIMITED,1.0
58045,ND,LIMITED,1.0
58046,ND,MINOR,2.0
58048,ND,LIMITED,1.0
58049,ND,LIMITED,1.0
58051,ND,LIMITED,1.0
58052,ND,MINOR,2.0
58056,ND,MINOR,2.0
58059,ND,LIMITED,1.0
58062,ND,LIMITED,1.0
58063,ND,LIMITED,1.0
58064,ND,LIMITED,1.0
58065,ND,LIMITED,1.0
58068,ND,MINOR,2.0
58071,ND,LIMITED,1.0
58072,ND,LIMITED,1.0
58077,ND,LIMITED,1.0
58078,ND,LIMITED,1.0
58079,ND,MINOR,2.0
58102,ND,LIMITED,1.0
58201,ND,MINOR,2.0
58203,ND,MINOR,2.0
58204,ND,MINOR,2.0
58205,ND,MINOR,2.0
58206,ND,MINOR,2.0
58207,ND,MINOR,2.0
58208,ND,MINOR,2.0
58210,ND,MODERATE,3.0
58212,ND,MODERATE,3.0
58214,ND,MODERATE,3.0
58216,ND,MINOR,2.0
58218,ND,MINOR,2.0
58219,ND,MINOR,2.0
58220,ND,MINOR,2.0
58222,ND,MODERATE,3.0
58223,ND,MINOR,2.0
58224,ND,MODERATE,3.0
58225,ND,MINOR,2.0
58227,ND,MODERATE,3.0
58228,ND,MINOR,2.0
58229,ND,MODERATE,3.0
58230,ND,MINOR,2.0
58231,ND,MODERATE,3.0
58233,ND,MODERATE,3.0
58235,ND,MINOR,2.0
58236,ND,MINOR,2.0
58237,ND,MINOR,2.0
58238,ND,MINOR,2.0
58239,ND,MINOR,2.0
58240,ND,MODERATE,3.0
58241,ND,MINOR,2.0
58243,ND,MODERATE,3.0
58244,ND,MODERATE,3.0
58249,ND,MODERATE,3.0
58250,ND,MODERATE,3.0
58251,ND,MODERATE,3.0
58254,ND,MODERATE,3.0
58255,ND,MODERATE,3.0
58256,ND,MINOR,2.0
58257,ND,LIMITED,1.0
58258,ND,MINOR,2.0
58259,ND,MODERATE,3.0
58260,ND,MODERATE,3.0
58261,ND,MINOR,2.0
58262,ND,MODERATE,3.0
58265,ND,MINOR,2.0
58266,ND,MODERATE,3.0
58267,ND,MODERATE,3.0
58269,ND,MODERATE,3.0
58270,ND,MODERATE,3.0
58271,ND,MINOR,2.0
58272,ND,MODERATE,3.0
58273,ND,MODERATE,3.0
58274,ND,LIMITED,1.0
58275,ND,MINOR,2.0
58276,ND,MINOR,2.0
58277,ND,MODERATE,3.0
58278,ND,MINOR,2.0
58281,ND,MODERATE,3.0
58282,ND,MODERATE,3.0
58301,ND,MODERATE,3.0
58310,ND,MODERATE,3.0
58311,ND,MODERATE,3.0
58313,ND,MINOR,2.0
58316,ND,MINOR,2.0
58317,ND,MODERATE,3.0
58318,ND,MODERATE,3.0
58321,ND,MODERATE,3.0
58323,ND,MINOR,2.0
58324,ND,MODERATE,3.0
58325,ND,MODERATE,3.0
58327,ND,MODERATE,3.0
58329,ND,MINOR,2.0
58330,ND,MODERATE,3.0
58331,ND,MODERATE,3.0
58332,ND,MODERATE,3.0
58335,ND,MODERATE,3.0
58338,ND,MODERATE,3.0
58339,ND,MINOR,2.0
58341,ND,MINOR,2.0
58343,ND,MODERATE,3.0
58344,ND,MODERATE,3.0
58345,ND,MODERATE,3.0
58346,ND,MODERATE,3.0
58348,ND,MODERATE,3.0
58351,ND,MODERATE,3.0
58352,ND,MODERATE,3.0
58353,ND,MODERATE,3.0
58355,ND,MODERATE,3.0
58356,ND,MINOR,2.0
58357,ND,MODERATE,3.0
58361,ND,MODERATE,3.0
58362,ND,MODERATE,3.0
58363,ND,MINOR,2.0
58365,ND,MINOR,2.0
58366,ND,MODERATE,3.0
58367,ND,MINOR,2.0
58368,ND,MINOR,2.0
58369,ND,MINOR,2.0
58370,ND,MODERATE,3.0
58372,ND,MINOR,2.0
58374,ND,MODERATE,3.0
58377,ND,MODERATE,3.0
58379,ND,MINOR,2.0
58380,ND,MODERATE,3.0
58381,ND,MINOR,2.0
58382,ND,MODERATE,3.0
58384,ND,MINOR,2.0
58385,ND,MODERATE,3.0
58386,ND,MODERATE,3.0
58401,ND,LIMITED,1.0
58402,ND,LIMITED,1.0
58413,ND,LIMITED,1.0
58416,ND,MINOR,2.0
58418,ND,MINOR,2.0
58420,ND,LIMITED,1.0
58421,ND,MINOR,2.0
58422,ND,MINOR,2.0
58423,ND,MINOR,2.0
58424,ND,MINOR,2.0
58425,ND,MINOR,2.0
58426,ND,LIMITED,1.0
58428,ND,MINOR,2.0
58429,ND,LIMITED,1.0
58430,ND,MINOR,2.0
58431,ND,LIMITED,1.0
58433,ND,LIMITED,1.0
58438,ND,MINOR,2.0
58440,ND,LIMITED,1.0
58442,ND,MODERATE,3.0
58443,ND,MINOR,2.0
58444,ND,MINOR,2.0
58445,ND,MINOR,2.0
58448,ND,MINOR,2.0
58451,ND,MINOR,2.0
58452,ND,MINOR,2.0
58454,ND,MINOR,2.0
58455,ND,LIMITED,1.0
58456,ND,LIMITED,1.0
58460,ND,LIMITED,1.0
58461,ND,LIMITED,1.0
58463,ND,MINOR,2.0
58464,ND,MINOR,2.0
58466,ND,LIMITED,1.0
58467,ND,MINOR,2.0
58472,ND,LIMITED,1.0
58475,ND,MINOR,2.0
58476,ND,MINOR,2.0
58477,ND,MINOR,2.0
58478,ND,MINOR,2.0
58479,ND,LIMITED,1.0
58480,ND,LIMITED,1.0
58481,ND,LIMITED,1.0
58482,ND,MINOR,2.0
58483,ND,MODERATE,3.0
58484,ND,MINOR,2.0
58486,ND,MINOR,2.0
58487,ND,MINOR,2.0
58488,ND,MINOR,2.0
58492,ND,LIMITED,1.0
58494,ND,MINOR,2.0
58495,ND,LIMITED,1.0
58496,ND,MINOR,2.0
58497,ND,LIMITED,1.0
58501,ND,MINOR,2.0
58502,ND,MINOR,2.0
58503,ND,MINOR,2.0
58504,ND,MINOR,2.0
58506,ND,MINOR,2.0
58507,ND,MINOR,2.0
58520,ND,MINOR,2.0
58521,ND,MINOR,2.0
58523,ND,MINOR,2.0
58524,ND,MINOR,2.0
58528,ND,MINOR,2.0
58529,ND,MINOR,2.0
58530,ND,MINOR,2.0
58531,ND,MINOR,2.0
58532,ND,MINOR,2.0
58533,ND,MINOR,2.0
58535,ND,MINOR,2.0
58538,ND,MINOR,2.0
58540,ND,MINOR,2.0
58541,ND,MINOR,2.0
58542,ND,MINOR,2.0
58544,ND,MINOR,2.0
58545,ND,MINOR,2.0
58549,ND,MINOR,2.0
58552,ND,MINOR,2.0
58554,ND,MINOR,2.0
58558,ND,MINOR,2.0
58559,ND,MINOR,2.0
58560,ND,MINOR,2.0
58561,ND,MINOR,2.0
58562,ND,MINOR,2.0
58563,ND,MINOR,2.0
58564,ND,MINOR,2.0
58565,ND,MINOR,2.0
58566,ND,MINOR,2.0
58568,ND,MINOR,2.0
58569,ND,MINOR,2.0
58570,ND,MINOR,2.0
58571,ND,MINOR,2.0
58572,ND,MINOR,2.0
58573,ND,MINOR,2.0
58575,ND,MINOR,2.0
58576,ND,MINOR,2.0
58577,ND,MINOR,2.0
58579,ND,MINOR,2.0
58580,ND,MINOR,2.0
58581,ND,LIMITED,1.0
58601,ND,MINOR,2.0
58602,ND,MINOR,2.0
58620,ND,MINOR,2.0
58621,ND,MINOR,2.0
58622,ND,MINOR,2.0
58623,ND,LIMITED,1.0
58625,ND,MINOR,2.0
58626,ND,MINOR,2.0
58627,ND,MINOR,2.0
58630,ND,MINOR,2.0
58631,ND,MINOR,2.0
58632,ND,MINOR,2.0
58634,ND,MINOR,2.0
58636,ND,MINOR,2.0
58638,ND,MINOR,2.0
58639,ND,MINOR,2.0
58640,ND,MINOR,2.0
58641,ND,MINOR,2.0
58642,ND,MINOR,2.0
58643,ND,MINOR,2.0
58644,ND,MINOR,2.0
58645,ND,MINOR,2.0
58646,ND,MINOR,2.0
58647,ND,MINOR,2.0
58649,ND,LIMITED,1.0
58650,ND,MINOR,2.0
58651,ND,MINOR,2.0
58652,ND,MINOR,2.0
58653,ND,LIMITED,1.0
58654,ND,MINOR,2.0
58655,ND,MINOR,2.0
58656,ND,MINOR,2.0
58701,ND,MINOR,2.0
58702,ND,MINOR,2.0
58703,ND,MINOR,2.0
58704,ND,MINOR,2.0
58705,ND,MINOR,2.0
58710,ND,MINOR,2.0
58711,ND,MINOR,2.0
58712,ND,MINOR,2.0
58713,ND,MINOR,2.0
58716,ND,MINOR,2.0
58718,ND,MINOR,2.0
58721,ND,MINOR,2.0
58722,ND,MINOR,2.0
58723,ND,MINOR,2.0
58725,ND,MINOR,2.0
58727,ND,MINOR,2.0
58730,ND,MINOR,2.0
58731,ND,MINOR,2.0
58733,ND,MINOR,2.0
58734,ND,MINOR,2.0
58735,ND,MINOR,2.0
58736,ND,MINOR,2.0
58737,ND,MINOR,2.0
58740,ND,MINOR,2.0
58741,ND,MINOR,2.0
58744,ND,MINOR,2.0
58746,ND,MINOR,2.0
58748,ND,MODERATE,3.0
58750,ND,MINOR,2.0
58752,ND,MINOR,2.0
58755,ND,MINOR,2.0
58756,ND,MINOR,2.0
58757,ND,MINOR,2.0
58758,ND,MINOR,2.0
58759,ND,MINOR,2.0
58760,ND,MINOR,2.0
58761,ND,MODERATE,3.0
58762,ND,MODERATE,3.0
58763,ND,MINOR,2.0
58765,ND,MINOR,2.0
58768,ND,MINOR,2.0
58769,ND,MINOR,2.0
58770,ND,MINOR,2.0
58771,ND,MINOR,2.0
58772,ND,MINOR,2.0
58773,ND,MINOR,2.0
58775,ND,MINOR,2.0
58776,ND,MINOR,2.0
58778,ND,MINOR,2.0
58779,ND,MINOR,2.0
58781,ND,MINOR,2.0
58782,ND,MINOR,2.0
58783,ND,MODERATE,3.0
58784,ND,MINOR,2.0
58785,ND,MINOR,2.0
58787,ND,MINOR,2.0
58788,ND,MINOR,2.0
58789,ND,MINOR,2.0
58790,ND,MINOR,2.0
58792,ND,MINOR,2.0
58793,ND,MINOR,2.0
58794,ND,MINOR,2.0
58795,ND,MINOR,2.0
58801,ND,MINOR,2.0
58802,ND,MINOR,2.0
58803,ND,MINOR,2.0
58830,ND,MINOR,2.0
58831,ND,MINOR,2.0
58833,ND,MINOR,2.0
58835,ND,MINOR,2.0
58838,ND,MINOR,2.0
58843,ND,MINOR,2.0
58844,ND,MINOR,2.0
58845,ND,MINOR,2.0
58847,ND,MINOR,2.0
58849,ND,MINOR,2.0
58852,ND,MINOR,2.0
58853,ND,MINOR,2.0
58854,ND,MINOR,2.0
58856,ND,MINOR,2.0
59001,MT,LIMITED,1.0
59002,MT,LIMITED,1.0
59003,MT,LIMITED,1.0
59006,MT,LIMITED,1.0
59007,MT,LIMITED,1.0
59008,MT,LIMITED,1.0
59010,MT,LIMITED,1.0
59011,MT,LIMITED,1.0
59012,MT,LIMITED,1.0
59013,MT,LIMITED,1.0
59014,MT,LIMITED,1.0
59015,MT,LIMITED,1.0
59016,MT,LIMITED,1.0
59018,MT,MINOR,2.0
59019,MT,LIMITED,1.0
59020,MT,MINOR,2.0
59022,MT,LIMITED,1.0
59024,MT,LIMITED,1.0
59025,MT,LIMITED,1.0
59026,MT,LIMITED,1.0
59027,MT,MINOR,2.0
59028,MT,LIMITED,1.0
59029,MT,LIMITED,1.0
59030,MT,MINOR,2.0
59031,MT,LIMITED,1.0
59032,MT,LIMITED,1.0
59033,MT,LIMITED,1.0
59034,MT,LIMITED,1.0
59036,MT,LIMITED,1.0
59037,MT,LIMITED,1.0
59038,MT,LIMITED,1.0
59039,MT,LIMITED,1.0
59041,MT,LIMITED,1.0
59043,MT,LIMITED,1.0
59044,MT,LIMITED,1.0
59046,MT,LIMITED,1.0
59047,MT,MINOR,2.0
59050,MT,LIMITED,1.0
59052,MT,MINOR,2.0
59053,MT,MINOR,2.0
59054,MT,LIMITED,1.0
59055,MT,LIMITED,1.0
59057,MT,LIMITED,1.0
59058,MT,MINOR,2.0
59059,MT,LIMITED,1.0
59061,MT,LIMITED,1.0
59063,MT,LIMITED,1.0
59064,MT,LIMITED,1.0
59065,MT,MINOR,2.0
59066,MT,LIMITED,1.0
59067,MT,LIMITED,1.0
59068,MT,MINOR,2.0
59069,MT,LIMITED,1.0
59070,MT,LIMITED,1.0
59071,MT,MINOR,2.0
59072,MT,LIMITED,1.0
59074,MT,LIMITED,1.0
59075,MT,LIMITED,1.0
59076,MT,LIMITED,1.0
59077,MT,MINOR,2.0
59078,MT,LIMITED,1.0
59079,MT,LIMITED,1.0
59081,MT,MINOR,2.0
59082,MT,MINOR,2.0
59083,MT,LIMITED,1.0
59084,MT,MINOR,2.0
59085,MT,LIMITED,1.0
59086,MT,MINOR,2.0
59087,MT,MINOR,2.0
59088,MT,LIMITED,1.0
59089,MT,LIMITED,1.0
59101,MT,LIMITED,1.0
59102,MT,LIMITED,1.0
59103,MT,LIMITED,1.0
59104,MT,LIMITED,1.0
59105,MT,LIMITED,1.0
59106,MT,LIMITED,1.0
59107,MT,LIMITED,1.0
59108,MT,LIMITED,1.0
59201,MT,LIMITED,1.0
59211,MT,MINOR,2.0
59212,MT,MINOR,2.0
59213,MT,MINOR,2.0
59214,MT,LIMITED,1.0
59215,MT,LIMITED,1.0
59217,MT,LIMITED,1.0
59218,MT,MINOR,2.0
59219,MT,MODERATE,3.0
59221,MT,MINOR,2.0
59222,MT,MINOR,2.0
59223,MT,MINOR,2.0
59225,MT,MINOR,2.0
59226,MT,MINOR,2.0
59230,MT,MINOR,2.0
59240,MT,MINOR,2.0
59241,MT,MINOR,2.0
59242,MT,MINOR,2.0
59243,MT,MINOR,2.0
59244,MT,MINOR,2.0
59247,MT,MINOR,2.0
59248,MT,MINOR,2.0
59250,MT,MINOR,2.0
59252,MT,MINOR,2.0
59253,MT,MINOR,2.0
59254,MT,MINOR,2.0
59255,MT,MINOR,2.0
59256,MT,MINOR,2.0
59257,MT,MINOR,2.0
59258,MT,MINOR,2.0
59259,MT,LIMITED,1.0
59260,MT,MINOR,2.0
59261,MT,MINOR,2.0
59262,MT,LIMITED,1.0
59263,MT,MINOR,2.0
59270,MT,MINOR,2.0
59273,MT,MINOR,2.0
59274,MT,LIMITED,1.0
59275,MT,MODERATE,3.0
59276,MT,MINOR,2.0
59301,MT,LIMITED,1.0
59312,MT,LIMITED,1.0
59313,MT,MINOR,2.0
59314,MT,LIMITED,1.0
59315,MT,MINOR,2.0
59318,MT,MINOR,2.0
59322,MT,LIMITED,1.0
59323,MT,LIMITED,1.0
59324,MT,MINOR,2.0
59326,MT,LIMITED,1.0
59327,MT,LIMITED,1.0
59330,MT,LIMITED,1.0
59333,MT,LIMITED,1.0
59336,MT,LIMITED,1.0
59337,MT,LIMITED,1.0
59338,MT,LIMITED,1.0
59339,MT,MINOR,2.0
59341,MT,LIMITED,1.0
59343,MT,LIMITED,1.0
59344,MT,LIMITED,1.0
59345,MT,LIMITED,1.0
59347,MT,LIMITED,1.0
59349,MT,MINOR,2.0
59351,MT,LIMITED,1.0
59353,MT,MINOR,2.0
59401,MT,LIMITED,1.0
59403,MT,LIMITED,1.0
59404,MT,LIMITED,1.0
59405,MT,LIMITED,1.0
59406,MT,LIMITED,1.0
59410,MT,LIMITED,1.0
59411,MT,MINOR,2.0
59412,MT,MINOR,2.0
59414,MT,LIMITED,1.0
59416,MT,LIMITED,1.0
59417,MT,MINOR,2.0
59418,MT,MINOR,2.0
59419,MT,LIMITED,1.0
59420,MT,LIMITED,1.0
59421,MT,LIMITED,1.0
59422,MT,LIMITED,1.0
59424,MT,LIMITED,1.0
59425,MT,LIMITED,1.0
59427,MT,LIMITED,1.0
59430,MT,LIMITED,1.0
59432,MT,LIMITED,1.0
59433,MT,LIMITED,1.0
59434,MT,MINOR,2.0
59435,MT,LIMITED,1.0
59436,MT,LIMITED,1.0
59440,MT,LIMITED,1.0
59441,MT,LIMITED,1.0
59442,MT,LIMITED,1.0
59443,MT,LIMITED,1.0
59444,MT,LIMITED,1.0
59446,MT,LIMITED,1.0
59447,MT,LIMITED,1.0
59448,MT,LIMITED,1.0
59450,MT,LIMITED,1.0
59451,MT,LIMITED,1.0
59452,MT,LIMITED,1.0
59453,MT,LIMITED,1.0
59454,MT,LIMITED,1.0
59456,MT,LIMITED,1.0
59457,MT,MINOR,2.0
59460,MT,LIMITED,1.0
59461,MT,LIMITED,1.0
59462,MT,LIMITED,1.0
59463,MT,MINOR,2.0
59464,MT,MINOR,2.0
59465,MT,MINOR,2.0
59466,MT,LIMITED,1.0
59467,MT,LIMITED,1.0
59468,MT,LIMITED,1.0
59469,MT,MINOR,2.0
59471,MT,LIMITED,1.0
59472,MT,LIMITED,1.0
59474,MT,LIMITED,1.0
59477,MT,LIMITED,1.0
59479,MT,LIMITED,1.0
59480,MT,MINOR,2.0
59482,MT,LIMITED,1.0
59483,MT,LIMITED,1.0
59484,MT,LIMITED,1.0
59485,MT,LIMITED,1.0
59486,MT,LIMITED,1.0
59487,MT,LIMITED,1.0
59489,MT,LIMITED,1.0
59501,MT,LIMITED,1.0
59520,MT,MINOR,2.0
59521,MT,MINOR,2.0
59522,MT,LIMITED,1.0
59523,MT,MINOR,2.0
59524,MT,MINOR,2.0
59525,MT,LIMITED,1.0
59526,MT,LIMITED,1.0
59527,MT,LIMITED,1.0
59528,MT,LIMITED,1.0
59529,MT,MINOR,2.0
59530,MT,LIMITED,1.0
59531,MT,LIMITED,1.0
59532,MT,LIMITED,1.0
59535,MT,LIMITED,1.0
59537,MT,MINOR,2.0
59538,MT,MINOR,2.0
59540,MT,LIMITED,1.0
59542,MT,MINOR,2.0
59544,MT,MINOR,2.0
59545,MT,MINOR,2.0
59546,MT,MINOR,2.0
59547,MT,LIMITED,1.0
59601,MT,MINOR,2.0
59602,MT,MINOR,2.0
59604,MT,MINOR,2.0
59624,MT,MINOR,2.0
59625,MT,MINOR,2.0
59631,MT,LIMITED,1.0
59632,MT,LIMITED,1.0
59633,MT,LIMITED,1.0
59634,MT,MINOR,2.0
59635,MT,MINOR,2.0
59636,MT,MINOR,2.0
59638,MT,MINOR,2.0
59639,MT,LIMITED,1.0
59640,MT,LIMITED,1.0
59641,MT,MINOR,2.0
59642,MT,MINOR,2.0
59643,MT,MINOR,2.0
59644,MT,MINOR,2.0
59645,MT,MINOR,2.0
59647,MT,MINOR,2.0
59648,MT,LIMITED,1.0
59701,MT,LIMITED,1.0
59702,MT,LIMITED,1.0
59703,MT,LIMITED,1.0
59710,MT,MODERATE,3.0
59711,MT,LIMITED,1.0
59713,MT,LIMITED,1.0
59714,MT,MINOR,2.0
59715,MT,MINOR,2.0
59716,MT,MINOR,2.0
59718,MT,MINOR,2.0
59719,MT,MINOR,2.0
59720,MT,MODERATE,3.0
59721,MT,MINOR,2.0
59722,MT,LIMITED,1.0
59725,MT,MINOR,2.0
59727,MT,MINOR,2.0
59728,MT,LIMITED,1.0
59729,MT,MINOR,2.0
59730,MT,MINOR,2.0
59731,MT,LIMITED,1.0
59732,MT,MINOR,2.0
59733,MT,LIMITED,1.0
59736,MT,MINOR,2.0
59739,MT,MODERATE,3.0
59740,MT,MODERATE,3.0
59741,MT,MINOR,2.0
59743,MT,MINOR,2.0
59745,MT,MINOR,2.0
59746,MT,MINOR,2.0
59747,MT,MINOR,2.0
59748,MT,LIMITED,1.0
59749,MT,MINOR,2.0
59750,MT,LIMITED,1.0
59751,MT,MINOR,2.0
59752,MT,MINOR,2.0
59754,MT,MINOR,2.0
59755,MT,MODERATE,3.0
59756,MT,LIMITED,1.0
59758,MT,MODERATE,3.0
59759,MT,LIMITED,1.0
59760,MT,MINOR,2.0
59761,MT,MINOR,2.0
59762,MT,MINOR,2.0
59771,MT,MINOR,2.0
59772,MT,MINOR,2.0
59801,MT,MINOR,2.0
59802,MT,MINOR,2.0
59803,MT,MINOR,2.0
59804,MT,MINOR,2.0
59806,MT,MINOR,2.0
59807,MT,MINOR,2.0
59808,MT,MINOR,2.0
59820,MT,MINOR,2.0
59821,MT,MINOR,2.0
59823,MT,LIMITED,1.0
59824,MT,MINOR,2.0
59825,MT,LIMITED,1.0
59826,MT,MINOR,2.0
59827,MT,MINOR,2.0
59828,MT,MINOR,2.0
59829,MT,MINOR,2.0
59830,MT,MINOR,2.0
59831,MT,MINOR,2.0
59832,MT,LIMITED,1.0
59833,MT,MINOR,2.0
59834,MT,MINOR,2.0
59837,MT,LIMITED,1.0
59840,MT,MINOR,2.0
59841,MT,MINOR,2.0
59842,MT,MINOR,2.0
59843,MT,LIMITED,1.0
59844,MT,MINOR,2.0
59845,MT,MINOR,2.0
59846,MT,MINOR,2.0
59847,MT,MINOR,2.0
59848,MT,MINOR,2.0
59851,MT,MINOR,2.0
59853,MT,MINOR,2.0
59854,MT,LIMITED,1.0
59855,MT,MINOR,2.0
59856,MT,MINOR,2.0
59858,MT,LIMITED,1.0
59859,MT,MINOR,2.0
59860,MT,MINOR,2.0
59863,MT,MINOR,2.0
59864,MT,MINOR,2.0
59865,MT,MINOR,2.0
59866,MT,MINOR,2.0
59867,MT,MINOR,2.0
59868,MT,LIMITED,1.0
59870,MT,MINOR,2.0
59871,MT,MINOR,2.0
59872,MT,MINOR,2.0
59873,MT,MINOR,2.0
59874,MT,MINOR,2.0
59875,MT,MINOR,2.0
59901,MT,MINOR,2.0
59903,MT,MINOR,2.0
59904,MT,MINOR,2.0
59910,MT,MINOR,2.0
59911,MT,MINOR,2.0
59912,MT,MINOR,2.0
59913,MT,MINOR,2.0
59914,MT,MINOR,2.0
59915,MT,MINOR,2.0
59916,MT,MINOR,2.0
59917,MT,MINOR,2.0
59918,MT,MINOR,2.0
59919,MT,MINOR,2.0
59920,MT,MINOR,2.0
59922,MT,MINOR,2.0
59923,MT,MINOR,2.0
59925,MT,MINOR,2.0
59926,MT,MINOR,2.0
59927,MT,MINOR,2.0
59928,MT,MINOR,2.0
59929,MT,MINOR,2.0
59930,MT,MINOR,2.0
59931,MT,MINOR,2.0
59932,MT,MINOR,2.0
59933,MT,MINOR,2.0
59934,MT,MINOR,2.0
59935,MT,MINOR,2.0
59936,MT,MINOR,2.0
59937,MT,MINOR,2.0
80001,CO,LIMITED,1.0
80002,CO,LIMITED,1.0
80003,CO,LIMITED,1.0
80004,CO,LIMITED,1.0
80005,CO,LIMITED,1.0
80006,CO,LIMITED,1.0
80007,CO,LIMITED,1.0
80010,CO,LIMITED,1.0
80011,CO,LIMITED,1.0
80012,CO,LIMITED,1.0
80013,CO,LIMITED,1.0
80014,CO,LIMITED,1.0
80015,CO,LIMITED,1.0
80016,CO,LIMITED,1.0
80017,CO,LIMITED,1.0
80020,CO,LIMITED,1.0
80021,CO,LIMITED,1.0
80022,CO,LIMITED,1.0
80023,CO,LIMITED,1.0
80024,CO,LIMITED,1.0
80025,CO,LIMITED,1.0
80026,CO,LIMITED,1.0
80027,CO,LIMITED,1.0
80030,CO,LIMITED,1.0
80031,CO,LIMITED,1.0
80033,CO,LIMITED,1.0
80034,CO,LIMITED,1.0
80035,CO,LIMITED,1.0
80036,CO,LIMITED,1.0
80037,CO,LIMITED,1.0
80038,CO,LIMITED,1.0
80040,CO,LIMITED,1.0
80041,CO,LIMITED,1.0
80042,CO,LIMITED,1.0
80044,CO,LIMITED,1.0
80045,CO,LIMITED,1.0
80046,CO,LIMITED,1.0
80047,CO,LIMITED,1.0
80104,CO,LIMITED,1.0
80106,CO,LIMITED,1.0
80107,CO,LIMITED,1.0
80108,CO,LIMITED,1.0
80109,CO,LIMITED,1.0
80110,CO,LIMITED,1.0
80111,CO,LIMITED,1.0
80112,CO,LIMITED,1.0
80113,CO,LIMITED,1.0
80116,CO,LIMITED,1.0
80117,CO,LIMITED,1.0
80118,CO,LIMITED,1.0
80120,CO,LIMITED,1.0
80121,CO,LIMITED,1.0
80122,CO,LIMITED,1.0
80123,CO,LIMITED,1.0
80124,CO,LIMITED,1.0
80125,CO,LIMITED,1.0
80126,CO,LIMITED,1.0
80127,CO,LIMITED,1.0
80128,CO,LIMITED,1.0
80129,CO,LIMITED,1.0
80130,CO,LIMITED,1.0
80131,CO,LIMITED,1.0
80132,CO,LIMITED,1.0
80133,CO,LIMITED,1.0
80134,CO,LIMITED,1.0
80135,CO,LIMITED,1.0
80138,CO,LIMITED,1.0
80150,CO,LIMITED,1.0
80151,CO,LIMITED,1.0
80155,CO,LIMITED,1.0
80160,CO,LIMITED,1.0
80161,CO,LIMITED,1.0
80162,CO,LIMITED,1.0
80163,CO,LIMITED,1.0
80201,CO,LIMITED,1.0
80202,CO,LIMITED,1.0
80203,CO,LIMITED,1.0
80204,CO,LIMITED,1.0
80205,CO,LIMITED,1.0
80206,CO,LIMITED,1.0
80207,CO,LIMITED,1.0
80209,CO,LIMITED,1.0
80210,CO,LIMITED,1.0
80211,CO,LIMITED,1.0
80212,CO,LIMITED,1.0
80214,CO,LIMITED,1.0
80215,CO,LIMITED,1.0
80216,CO,LIMITED,1.0
80217,CO,LIMITED,1.0
80218,CO,LIMITED,1.0
80219,CO,LIMITED,1.0
80220,CO,LIMITED,1.0
80221,CO,LIMITED,1.0
80222,CO,LIMITED,1.0
80223,CO,LIMITED,1.0
80224,CO,LIMITED,1.0
80225,CO,LIMITED,1.0
80226,CO,LIMITED,1.0
80227,CO,LIMITED,1.0
80228,CO,LIMITED,1.0
80229,CO,LIMITED,1.0
80230,CO,LIMITED,1.0
80231,CO,LIMITED,1.0
80232,CO,LIMITED,1.0
80233,CO,LIMITED,1.0
80234,CO,LIMITED,1.0
80235,CO,LIMITED,1.0
80236,CO,LIMITED,1.0
80237,CO,LIMITED,1.0
80238,CO,LIMITED,1.0
80239,CO,LIMITED,1.0
80241,CO,LIMITED,1.0
80246,CO,LIMITED,1.0
80247,CO,LIMITED,1.0
80248,CO,LIMITED,1.0
80249,CO,LIMITED,1.0
80250,CO,LIMITED,1.0
80260,CO,LIMITED,1.0
80301,CO,LIMITED,1.0
80302,CO,LIMITED,1.0
80303,CO,LIMITED,1.0
80304,CO,LIMITED,1.0
80305,CO,LIMITED,1.0
80306,CO,LIMITED,1.0
80307,CO,LIMITED,1.0
80308,CO,LIMITED,1.0
80310,CO,LIMITED,1.0
80401,CO,LIMITED,1.0
80402,CO,LIMITED,1.0
80403,CO,LIMITED,1.0
80420,CO,MODERATE,3.0
80421,CO,MINOR,2.0
80422,CO,MINOR,2.0
80423,CO,MODERATE,3.0
80424,CO,MODERATE,3.0
80425,CO,LIMITED,1.0
80426,CO,MODERATE,3.0
80427,CO,MINOR,2.0
80428,CO,MODERATE,3.0
80430,CO,MODERATE,3.0
80432,CO,MODERATE,3.0
80433,CO,LIMITED,1.0
80434,CO,MODERATE,3.0
80435,CO,MODERATE,3.0
80436,CO,MODERATE,3.0
80437,CO,LIMITED,1.0
80438,CO,MODERATE,3.0
80439,CO,LIMITED,1.0
80440,CO,MODERATE,3.0
80442,CO,MODERATE,3.0
80443,CO,MODERATE,3.0
80444,CO,MODERATE,3.0
80446,CO,MODERATE,3.0
80447,CO,MODERATE,3.0
80448,CO,MODERATE,3.0
80449,CO,MODERATE,3.0
80451,CO,MODERATE,3.0
80452,CO,MINOR,2.0
80453,CO,LIMITED,1.0
80454,CO,LIMITED,1.0
80455,CO,MINOR,2.0
80456,CO,MODERATE,3.0
80457,CO,LIMITED,1.0
80459,CO,MODERATE,3.0
80461,CO,MODERATE,3.0
80463,CO,MODERATE,3.0
80465,CO,LIMITED,1.0
80466,CO,MINOR,2.0
80467,CO,MODERATE,3.0
80468,CO,MODERATE,3.0
80469,CO,MODERATE,3.0
80470,CO,LIMITED,1.0
80473,CO,MODERATE,3.0
80474,CO,MINOR,2.0
80475,CO,MODERATE,3.0
80476,CO,MODERATE,3.0
80477,CO,MODERATE,3.0
80478,CO,MODERATE,3.0
80479,CO,MODERATE,3.0
80480,CO,MODERATE,3.0
80481,CO,MINOR,2.0
80482,CO,MODERATE,3.0
80483,CO,MODERATE,3.0
80487,CO,MODERATE,3.0
80497,CO,MODERATE,3.0
80498,CO,MODERATE,3.0
80501,CO,LIMITED,1.0
80502,CO,LIMITED,1.0
80503,CO,LIMITED,1.0
80504,CO,LIMITED,1.0
80510,CO,MODERATE,3.0
80512,CO,MODERATE,3.0
80513,CO,LIMITED,1.0
80514,CO,LIMITED,1.0
80515,CO,MODERATE,3.0
80516,CO,LIMITED,1.0
80517,CO,MODERATE,3.0
80520,CO,LIMITED,1.0
80521,CO,LIMITED,1.0
80522,CO,LIMITED,1.0
80524,CO,LIMITED,1.0
80525,CO,LIMITED,1.0
80526,CO,LIMITED,1.0
80527,CO,LIMITED,1.0
80528,CO,LIMITED,1.0
80530,CO,LIMITED,1.0
80532,CO,MODERATE,3.0
80533,CO,LIMITED,1.0
80534,CO,LIMITED,1.0
80535,CO,MODERATE,3.0
80536,CO,MODERATE,3.0
80537,CO,LIMITED,1.0
80538,CO,LIMITED,1.0
80539,CO,LIMITED,1.0
80540,CO,LIMITED,1.0
80542,CO,LIMITED,1.0
80543,CO,LIMITED,1.0
80544,CO,LIMITED,1.0
80545,CO,MODERATE,3.0
80546,CO,LIMITED,1.0
80547,CO,LIMITED,1.0
80549,CO,MODERATE,3.0
80550,CO,LIMITED,1.0
80601,CO,LIMITED,1.0
80602,CO,LIMITED,1.0
80612,CO,MINOR,2.0
80614,CO,LIMITED,1.0
80620,CO,LIMITED,1.0
80621,CO,LIMITED,1.0
80623,CO,LIMITED,1.0
80633,CO,LIMITED,1.0
80634,CO,LIMITED,1.0
80640,CO,LIMITED,1.0
80651,CO,LIMITED,1.0
80809,CO,MINOR,2.0
80813,CO,MINOR,2.0
80814,CO,MINOR,2.0
80816,CO,MINOR,2.0
80819,CO,MINOR,2.0
80820,CO,MODERATE,3.0
80827,CO,MINOR,2.0
80829,CO,LIMITED,1.0
80840,CO,LIMITED,1.0
80841,CO,LIMITED,1.0
80860,CO,LIMITED,1.0
80863,CO,MINOR,2.0
80866,CO,MINOR,2.0
80901,CO,LIMITED,1.0
80903,CO,LIMITED,1.0
80904,CO,LIMITED,1.0
80905,CO,LIMITED,1.0
80906,CO,LIMITED,1.0
80907,CO,LIMITED,1.0
80908,CO,LIMITED,1.0
80909,CO,LIMITED,1.0
80917,CO,LIMITED,1.0
80918,CO,LIMITED,1.0
80919,CO,LIMITED,1.0
80920,CO,LIMITED,1.0
80921,CO,LIMITED,1.0
80923,CO,LIMITED,1.0
80924,CO,LIMITED,1.0
80932,CO,LIMITED,1.0
80933,CO,LIMITED,1.0
80934,CO,LIMITED,1.0
80936,CO,LIMITED,1.0
80937,CO,LIMITED,1.0
80949,CO,LIMITED,1.0
80960,CO,LIMITED,1.0
80962,CO,LIMITED,1.0
81040,CO,MODERATE,3.0
81055,CO,MINOR,2.0
81101,CO,MINOR,2.0
81120,CO,MODERATE,3.0
81121,CO,LIMITED,1.0
81122,CO,MINOR,2.0
81123,CO,MINOR,2.0
81124,CO,MODERATE,3.0
81125,CO,MINOR,2.0
81126,CO,MINOR,2.0
81128,CO,MINOR,2.0
81129,CO,MINOR,2.0
81130,CO,MODERATE,3.0
81131,CO,MINOR,2.0
81132,CO,MODERATE,3.0
81133,CO,MINOR,2.0
81136,CO,MINOR,2.0
81137,CO,LIMITED,1.0
81138,CO,MINOR,2.0
81140,CO,MINOR,2.0
81141,CO,MINOR,2.0
81143,CO,MINOR,2.0
81144,CO,MINOR,2.0
81146,CO,MINOR,2.0
81147,CO,MINOR,2.0
81148,CO,MINOR,2.0
81149,CO,MINOR,2.0
81151,CO,MINOR,2.0
81152,CO,MINOR,2.0
81154,CO,MODERATE,3.0
81155,CO,MINOR,2.0
81157,CO,MINOR,2.0
81201,CO,MODERATE,3.0
81210,CO,MODERATE,3.0
81211,CO,MODERATE,3.0
81212,CO,LIMITED,1.0
81215,CO,LIMITED,1.0
81220,CO,MODERATE,3.0
81222,CO,MODERATE,3.0
81223,CO,MINOR,2.0
81224,CO,MODERATE,3.0
81225,CO,MODERATE,3.0
81226,CO,LIMITED,1.0
81228,CO,MODERATE,3.0
81230,CO,MODERATE,3.0
81233,CO,MODERATE,3.0
81235,CO,MODERATE,3.0
81236,CO,MODERATE,3.0
81237,CO,MODERATE,3.0
81239,CO,MODERATE,3.0
81241,CO,MODERATE,3.0
81242,CO,MODERATE,3.0
81243,CO,MODERATE,3.0
81244,CO,LIMITED,1.0
81248,CO,MODERATE,3.0
81251,CO,MODERATE,3.0
81252,CO,MODERATE,3.0
81253,CO,LIMITED,1.0
81301,CO,LIMITED,1.0
81302,CO,LIMITED,1.0
81303,CO,LIMITED,1.0
81320,CO,MINOR,2.0
81321,CO,MINOR,2.0
81323,CO,MINOR,2.0
81324,CO,MINOR,2.0
81325,CO,MODERATE,3.0
81326,CO,LIMITED,1.0
81327,CO,MINOR,2.0
81328,CO,MINOR,2.0
81330,CO,MINOR,2.0
81331,CO,MINOR,2.0
81332,CO,MINOR,2.0
81334,CO,LIMITED,1.0
81335,CO,MINOR,2.0
81401,CO,MODERATE,3.0
81402,CO,MODERATE,3.0
81403,CO,MODERATE,3.0
81410,CO,MODERATE,3.0
81411,CO,MODERATE,3.0
81413,CO,MODERATE,3.0
81415,CO,MODERATE,3.0
81416,CO,MODERATE,3.0
81418,CO,MODERATE,3.0
81419,CO,MODERATE,3.0
81422,CO,MODERATE,3.0
81423,CO,MODERATE,3.0
81424,CO,MODERATE,3.0
81425,CO,MODERATE,3.0
81426,CO,MODERATE,3.0
81427,CO,MODERATE,3.0
81428,CO,MODERATE,3.0
81429,CO,MODERATE,3.0
81430,CO,MODERATE,3.0
81431,CO,MODERATE,3.0
81432,CO,MODERATE,3.0
81433,CO,MODERATE,3.0
81434,CO,MAJOR,4.0
81435,CO,MODERATE,3.0
81501,CO,MODERATE,3.0
81502,CO,MODERATE,3.0
81503,CO,MODERATE,3.0
81504,CO,MODERATE,3.0
81505,CO,MODERATE,3.0
81506,CO,MODERATE,3.0
81507,CO,MODERATE,3.0
81520,CO,MODERATE,3.0
81521,CO,MODERATE,3.0
81522,CO,MODERATE,3.0
81523,CO,MODERATE,3.0
81524,CO,MODERATE,3.0
81525,CO,MODERATE,3.0
81526,CO,MODERATE,3.0
81527,CO,MODERATE,3.0
81601,CO,MAJOR,4.0
81602,CO,MAJOR,4.0
81610,CO,MODERATE,3.0
81611,CO,MODERATE,3.0
81612,CO,MODERATE,3.0
81615,CO,MAJOR,4.0
81620,CO,MODERATE,3.0
81621,CO,MAJOR,4.0
81623,CO,MAJOR,4.0
81624,CO,MAJOR,4.0
81625,CO,MODERATE,3.0
81630,CO,MODERATE,3.0
81631,CO,MODERATE,3.0
81632,CO,MODERATE,3.0
81633,CO,MODERATE,3.0
81635,CO,MODERATE,3.0
81637,CO,MODERATE,3.0
81638,CO,MODERATE,3.0
81639,CO,MODERATE,3.0
81640,CO,MODERATE,3.0
81641,CO,MODERATE,3.0
81642,CO,MODERATE,3.0
81643,CO,MODERATE,3.0
81645,CO,MODERATE,3.0
81646,CO,MODERATE,3.0
81647,CO,MODERATE,3.0
81648,CO,MODERATE,3.0
81649,CO,MODERATE,3.0
81650,CO,MODERATE,3.0
81652,CO,MODERATE,3.0
81653,CO,MODERATE,3.0
81654,CO,MAJOR,4.0
81655,CO,MODERATE,3.0
81656,CO,MODERATE,3.0
81657,CO,MODERATE,3.0
81658,CO,MODERATE,3.0
82001,WY,MINOR,2.0
82003,WY,MINOR,2.0
82005,WY,MINOR,2.0
82007,WY,MINOR,2.0
82009,WY,MINOR,2.0
82051,WY,MODERATE,3.0
82052,WY,MODERATE,3.0
82055,WY,MODERATE,3.0
82058,WY,MODERATE,3.0
82059,WY,MODERATE,3.0
82060,WY,LIMITED,1.0
82063,WY,MODERATE,3.0
82070,WY,MODERATE,3.0
82072,WY,MODERATE,3.0
82073,WY,MODERATE,3.0
82081,WY,LIMITED,1.0
82083,WY,MODERATE,3.0
82084,WY,MODERATE,3.0
82190,WY,MINOR,2.0
82210,WY,LIMITED,1.0
82224,WY,LIMITED,1.0
82225,WY,LIMITED,1.0
82227,WY,LIMITED,1.0
82229,WY,LIMITED,1.0
82301,WY,MODERATE,3.0
82310,WY,MINOR,2.0
82321,WY,MODERATE,3.0
82322,WY,MODERATE,3.0
82323,WY,MODERATE,3.0
82324,WY,MODERATE,3.0
82325,WY,MODERATE,3.0
82327,WY,MODERATE,3.0
82329,WY,MODERATE,3.0
82331,WY,MODERATE,3.0
82332,WY,MODERATE,3.0
82334,WY,MODERATE,3.0
82336,WY,MINOR,2.0
82401,WY,LIMITED,1.0
82410,WY,LIMITED,1.0
82411,WY,LIMITED,1.0
82412,WY,LIMITED,1.0
82414,WY,MINOR,2.0
82420,WY,LIMITED,1.0
82421,WY,LIMITED,1.0
82422,WY,LIMITED,1.0
82423,WY,LIMITED,1.0
82426,WY,LIMITED,1.0
82428,WY,LIMITED,1.0
82430,WY,LIMITED,1.0
82431,WY,LIMITED,1.0
82432,WY,LIMITED,1.0
82433,WY,MINOR,2.0
82434,WY,LIMITED,1.0
82435,WY,LIMITED,1.0
82440,WY,LIMITED,1.0
82441,WY,LIMITED,1.0
82442,WY,LIMITED,1.0
82443,WY,LIMITED,1.0
82450,WY,MODERATE,3.0
82501,WY,MINOR,2.0
82510,WY,MINOR,2.0
82512,WY,MINOR,2.0
82513,WY,MODERATE,3.0
82514,WY,MINOR,2.0
82515,WY,MINOR,2.0
82516,WY,MINOR,2.0
82520,WY,MINOR,2.0
82523,WY,MINOR,2.0
82524,WY,MINOR,2.0
82601,WY,LIMITED,1.0
82602,WY,LIMITED,1.0
82604,WY,LIMITED,1.0
82605,WY,LIMITED,1.0
82609,WY,LIMITED,1.0
82615,WY,MODERATE,3.0
82620,WY,MODERATE,3.0
82630,WY,MINOR,2.0
82633,WY,LIMITED,1.0
82635,WY,LIMITED,1.0
82636,WY,LIMITED,1.0
82637,WY,LIMITED,1.0
82638,WY,MINOR,2.0
82639,WY,LIMITED,1.0
82642,WY,MINOR,2.0
82643,WY,LIMITED,1.0
82644,WY,LIMITED,1.0
82646,WY,MODERATE,3.0
82648,WY,MINOR,2.0
82649,WY,MINOR,2.0
82712,WY,LIMITED,1.0
82714,WY,LIMITED,1.0
82715,WY,LIMITED,1.0
82720,WY,LIMITED,1.0
82729,WY,LIMITED,1.0
82801,WY,LIMITED,1.0
82832,WY,LIMITED,1.0
82833,WY,LIMITED,1.0
82836,WY,MINOR,2.0
82837,WY,LIMITED,1.0
82838,WY,LIMITED,1.0
82839,WY,MINOR,2.0
82842,WY,LIMITED,1.0
82844,WY,MINOR,2.0
82845,WY,LIMITED,1.0
82901,WY,MINOR,2.0
82902,WY,MINOR,2.0
82922,WY,MODERATE,3.0
82923,WY,MODERATE,3.0
82925,WY,MODERATE,3.0
82930,WY,MODERATE,3.0
82931,WY,MODERATE,3.0
82932,WY,MINOR,2.0
82933,WY,MODERATE,3.0
82934,WY,MINOR,2.0
82935,WY,MINOR,2.0
82936,WY,MINOR,2.0
82937,WY,MODERATE,3.0
82939,WY,MODERATE,3.0
82941,WY,MODERATE,3.0
82943,WY,MINOR,2.0
82944,WY,MODERATE,3.0
82945,WY,MINOR,2.0
83001,WY,MAJOR,4.0
83002,WY,MAJOR,4.0
83011,WY,MAJOR,4.0
83012,WY,MAJOR,4.0
83013,WY,MAJOR,4.0
83014,WY,MAJOR,4.0
83101,WY,MODERATE,3.0
83110,WY,MODERATE,3.0
83111,WY,MODERATE,3.0
83112,WY,MODERATE,3.0
83113,WY,MODERATE,3.0
83114,WY,MODERATE,3.0
83115,WY,MODERATE,3.0
83116,WY,MODERATE,3.0
83118,WY,MAJOR,4.0
83119,WY,MODERATE,3.0
83120,WY,MODERATE,3.0
83122,WY,MODERATE,3.0
83123,WY,MODERATE,3.0
83124,WY,MINOR,2.0
83126,WY,MODERATE,3.0
83127,WY,MODERATE,3.0
83128,WY,MODERATE,3.0
83201,ID,MODERATE,3.0
83202,ID,MINOR,2.0
83204,ID,MODERATE,3.0
83205,ID,MODERATE,3.0
83206,ID,MODERATE,3.0
83210,ID,MINOR,2.0
83211,ID,MINOR,2.0
83212,ID,MODERATE,3.0
83213,ID,MODERATE,3.0
83214,ID,MODERATE,3.0
83215,ID,MODERATE,3.0
83217,ID,MAJOR,4.0
83218,ID,MODERATE,3.0
83220,ID,MODERATE,3.0
83221,ID,MODERATE,3.0
83223,ID,MODERATE,3.0
83226,ID,MINOR,2.0
83227,ID,MINOR,2.0
83228,ID,MODERATE,3.0
83232,ID,MODERATE,3.0
83233,ID,MODERATE,3.0
83234,ID,MODERATE,3.0
83235,ID,MINOR,2.0
83236,ID,MODERATE,3.0
83237,ID,MODERATE,3.0
83238,ID,MODERATE,3.0
83239,ID,MODERATE,3.0
83241,ID,MAJOR,4.0
83243,ID,MODERATE,3.0
83244,ID,MODERATE,3.0
83245,ID,MAJOR,4.0
83246,ID,MODERATE,3.0
83250,ID,MODERATE,3.0
83251,ID,MODERATE,3.0
83252,ID,MODERATE,3.0
83253,ID,MODERATE,3.0
83254,ID,MODERATE,3.0
83255,ID,MODERATE,3.0
83256,ID,MODERATE,3.0
83261,ID,MODERATE,3.0
83262,ID,MINOR,2.0
83263,ID,MODERATE,3.0
83271,ID,MODERATE,3.0
83272,ID,MODERATE,3.0
83274,ID,MODERATE,3.0
83276,ID,MAJOR,4.0
83277,ID,MINOR,2.0
83278,ID,MINOR,2.0
83281,ID,MODERATE,3.0
83283,ID,MAJOR,4.0
83285,ID,MAJOR,4.0
83286,ID,MODERATE,3.0
83287,ID,MODERATE,3.0
83301,ID,MINOR,2.0
83302,ID,MINOR,2.0
83303,ID,MINOR,2.0
83311,ID,MODERATE,3.0
83312,ID,MODERATE,3.0
83313,ID,MODERATE,3.0
83314,ID,MINOR,2.0
83316,ID,MINOR,2.0
83318,ID,MINOR,2.0
83320,ID,MINOR,2.0
83321,ID,MINOR,2.0
83322,ID,MODERATE,3.0
83323,ID,MINOR,2.0
83324,ID,MINOR,2.0
83325,ID,MINOR,2.0
83327,ID,MODERATE,3.0
83328,ID,MINOR,2.0
83330,ID,MINOR,2.0
83332,ID,MINOR,2.0
83333,ID,MODERATE,3.0
83334,ID,MINOR,2.0
83335,ID,MINOR,2.0
83336,ID,MINOR,2.0
83337,ID,MINOR,2.0
83338,ID,MINOR,2.0
83340,ID,MODERATE,3.0
83341,ID,MINOR,2.0
83342,ID,MODERATE,3.0
83344,ID,MINOR,2.0
83346,ID,MODERATE,3.0
83347,ID,MINOR,2.0
83348,ID,MINOR,2.0
83349,ID,MINOR,2.0
83350,ID,MINOR,2.0
83352,ID,MINOR,2.0
83353,ID,MODERATE,3.0
83354,ID,MODERATE,3.0
83355,ID,MINOR,2.0
83401,ID,MODERATE,3.0
83402,ID,MODERATE,3.0
83403,ID,MODERATE,3.0
83404,ID,MODERATE,3.0
83405,ID,MODERATE,3.0
83406,ID,MODERATE,3.0
83414,WY,MAJOR,4.0
83420,ID,MODERATE,3.0
83421,ID,MODERATE,3.0
83422,ID,MAJOR,4.0
83423,ID,MODERATE,3.0
83424,ID,MODERATE,3.0
83425,ID,MODERATE,3.0
83427,ID,MODERATE,3.0
83428,ID,MAJOR,4.0
83429,ID,MAJOR,4.0
83431,ID,MODERATE,3.0
83434,ID,MODERATE,3.0
83435,ID,MODERATE,3.0
83436,ID,MODERATE,3.0
83438,ID,MODERATE,3.0
83440,ID,MODERATE,3.0
83442,ID,MODERATE,3.0
83443,ID,MODERATE,3.0
83444,ID,MODERATE,3.0
83445,ID,MODERATE,3.0
83446,ID,MODERATE,3.0
83448,ID,MODERATE,3.0
83449,ID,MAJOR,4.0
83450,ID,MODERATE,3.0
83451,ID,MODERATE,3.0
83452,ID,MODERATE,3.0
83454,ID,MODERATE,3.0
83455,ID,MAJOR,4.0
83460,ID,MODERATE,3.0
83462,ID,MINOR,2.0
83463,ID,MINOR,2.0
83464,ID,MINOR,2.0
83465,ID,MINOR,2.0
83466,ID,MINOR,2.0
83467,ID,MINOR,2.0
83468,ID,MODERATE,3.0
83469,ID,MINOR,2.0
83501,ID,MINOR,2.0
83520,ID,MINOR,2.0
83522,ID,MINOR,2.0
83523,ID,MINOR,2.0
83524,ID,MINOR,2.0
83525,ID,MINOR,2.0
83526,ID,MINOR,2.0
83530,ID,MINOR,2.0
83533,ID,MINOR,2.0
83535,ID,MINOR,2.0
83536,ID,MINOR,2.0
83537,ID,MINOR,2.0
83539,ID,MINOR,2.0
83540,ID,MINOR,2.0
83541,ID,MINOR,2.0
83542,ID,MINOR,2.0
83543,ID,MINOR,2.0
83544,ID,MINOR,2.0
83545,ID,MINOR,2.0
83546,ID,MINOR,2.0
83547,ID,MODERATE,3.0
83548,ID,MINOR,2.0
83549,ID,MINOR,2.0
83552,ID,MINOR,2.0
83553,ID,MINOR,2.0
83554,ID,MINOR,2.0
83555,ID,MINOR,2.0
83602,ID,MINOR,2.0
83604,ID,MINOR,2.0
83605,ID,MINOR,2.0
83606,ID,MINOR,2.0
83607,ID,MINOR,2.0
83610,ID,MINOR,2.0
83611,ID,MODERATE,3.0
83612,ID,MINOR,2.0
83615,ID,MODERATE,3.0
83616,ID,MINOR,2.0
83617,ID,MINOR,2.0
83619,ID,MINOR,2.0
83622,ID,MINOR,2.0
83623,ID,MINOR,2.0
83624,ID,MINOR,2.0
83626,ID,MINOR,2.0
83627,ID,MINOR,2.0
83628,ID,MINOR,2.0
83629,ID,MINOR,2.0
83631,ID,MINOR,2.0
83632,ID,MINOR,2.0
83633,ID,MINOR,2.0
83634,ID,MINOR,2.0
83636,ID,MINOR,2.0
83637,ID,MINOR,2.0
83638,ID,MODERATE,3.0
83639,ID,MINOR,2.0
83641,ID,MINOR,2.0
83642,ID,MINOR,2.0
83643,ID,MINOR,2.0
83644,ID,MINOR,2.0
83645,ID,MINOR,2.0
83646,ID,MINOR,2.0
83647,ID,MINOR,2.0
83648,ID,MINOR,2.0
83650,ID,MINOR,2.0
83651,ID,MINOR,2.0
83653,ID,MINOR,2.0
83654,ID,MINOR,2.0
83655,ID,MINOR,2.0
83656,ID,MINOR,2.0
83657,ID,MINOR,2.0
83660,ID,MINOR,2.0
83661,ID,MINOR,2.0
83666,ID,MINOR,2.0
83669,ID,MINOR,2.0
83670,ID,MINOR,2.0
83672,ID,MINOR,2.0
83676,ID,MINOR,2.0
83677,ID,MINOR,2.0
83680,ID,MINOR,2.0
83686,ID,MINOR,2.0
83687,ID,MINOR,2.0
83701,ID,MINOR,2.0
83702,ID,MINOR,2.0
83703,ID,MINOR,2.0
83704,ID,MINOR,2.0
83705,ID,MINOR,2.0
83706,ID,MINOR,2.0
83707,ID,MINOR,2.0
83709,ID,MINOR,2.0
83711,ID,MINOR,2.0
83712,ID,MINOR,2.0
83713,ID,MINOR,2.0
83714,ID,MINOR,2.0
83715,ID,MINOR,2.0
83716,ID,MINOR,2.0
83717,ID,MINOR,2.0
83719,ID,MINOR,2.0
83801,ID,MINOR,2.0
83802,ID,MINOR,2.0
83803,ID,MINOR,2.0
83804,ID,MINOR,2.0
83805,ID,MINOR,2.0
83808,ID,MINOR,2.0
83809,ID,MINOR,2.0
83810,ID,MINOR,2.0
83811,ID,MINOR,2.0
83812,ID,MINOR,2.0
83813,ID,MINOR,2.0
83814,ID,MINOR,2.0
83815,ID,MINOR,2.0
83816,ID,MINOR,2.0
83821,ID,MINOR,2.0
83822,ID,MINOR,2.0
83823,ID,MINOR,2.0
83824,ID,MINOR,2.0
83827,ID,MINOR,2.0
83830,ID,MINOR,2.0
83832,ID,MINOR,2.0
83833,ID,MINOR,2.0
83834,ID,MINOR,2.0
83835,ID,MINOR,2.0
83836,ID,MINOR,2.0
83837,ID,MINOR,2.0
83839,ID,MINOR,2.0
83841,ID,MINOR,2.0
83842,ID,MINOR,2.0
83843,ID,MINOR,2.0
83845,ID,MINOR,2.0
83846,ID,MINOR,2.0
83847,ID,MINOR,2.0
83848,ID,MINOR,2.0
83849,ID,MINOR,2.0
83850,ID,MINOR,2.0
83851,ID,MINOR,2.0
83852,ID,MINOR,2.0
83853,ID,MINOR,2.0
83854,ID,MINOR,2.0
83855,ID,MINOR,2.0
83856,ID,MINOR,2.0
83857,ID,MINOR,2.0
83858,ID,MINOR,2.0
83860,ID,MINOR,2.0
83861,ID,MINOR,2.0
83864,ID,MINOR,2.0
83866,ID,MINOR,2.0
83868,ID,MINOR,2.0
83869,ID,MINOR,2.0
83870,ID,MINOR,2.0
83871,ID,MINOR,2.0
83872,ID,MINOR,2.0
83873,ID,MINOR,2.0
83874,ID,MINOR,2.0
83876,ID,MINOR,2.0
83877,ID,MINOR,2.0
84001,UT,MODERATE,3.0
84002,UT,MODERATE,3.0
84003,UT,MODERATE,3.0
84004,UT,MODERATE,3.0
84005,UT,MODERATE,3.0
84006,UT,MODERATE,3.0
84007,UT,MODERATE,3.0
84008,UT,MODERATE,3.0
84009,UT,MODERATE,3.0
84010,UT,MODERATE,3.0
84011,UT,MODERATE,3.0
84013,UT,MODERATE,3.0
84014,UT,MODERATE,3.0
84015,UT,MODERATE,3.0
84016,UT,MODERATE,3.0
84017,UT,MAJOR,4.0
84018,UT,MODERATE,3.0
84020,UT,MODERATE,3.0
84021,UT,MODERATE,3.0
84022,UT,MODERATE,3.0
84023,UT,MODERATE,3.0
84025,UT,MODERATE,3.0
84026,UT,MODERATE,3.0
84027,UT,MODERATE,3.0
84028,UT,MODERATE,3.0
84029,UT,MODERATE,3.0
84031,UT,MAJOR,4.0
84032,UT,MAJOR,4.0
84033,UT,MODERATE,3.0
84034,UT,MODERATE,3.0
84035,UT,MODERATE,3.0
84036,UT,MAJOR,4.0
84037,UT,MODERATE,3.0
84038,UT,MODERATE,3.0
84039,UT,MODERATE,3.0
84040,UT,MODERATE,3.0
84041,UT,MODERATE,3.0
84042,UT,MODERATE,3.0
84043,UT,MODERATE,3.0
84044,UT,MODERATE,3.0
84045,UT,MODERATE,3.0
84046,UT,MINOR,2.0
84047,UT,MODERATE,3.0
84049,UT,MAJOR,4.0
84050,UT,MAJOR,4.0
84051,UT,MODERATE,3.0
84052,UT,MODERATE,3.0
84053,UT,MODERATE,3.0
84054,UT,MODERATE,3.0
84055,UT,MAJOR,4.0
84056,UT,MODERATE,3.0
84057,UT,MODERATE,3.0
84058,UT,MODERATE,3.0
84059,UT,MODERATE,3.0
84060,UT,MAJOR,4.0
84061,UT,MAJOR,4.0
84062,UT,MODERATE,3.0
84063,UT,MODERATE,3.0
84064,UT,MODERATE,3.0
84065,UT,MODERATE,3.0
84066,UT,MODERATE,3.0
84067,UT,MODERATE,3.0
84068,UT,MAJOR,4.0
84069,UT,MODERATE,3.0
84070,UT,MODERATE,3.0
84071,UT,MODERATE,3.0
84072,UT,MODERATE,3.0
84073,UT,MODERATE,3.0
84074,UT,MODERATE,3.0
84075,UT,MODERATE,3.0
84076,UT,MODERATE,3.0
84078,UT,MODERATE,3.0
84079,UT,MODERATE,3.0
84080,UT,MODERATE,3.0
84081,UT,MODERATE,3.0
84082,UT,MAJOR,4.0
84083,UT,MODERATE,3.0
84084,UT,MODERATE,3.0
84085,UT,MODERATE,3.0
84086,UT,MODERATE,3.0
84087,UT,MODERATE,3.0
84088,UT,MODERATE,3.0
84089,UT,MODERATE,3.0
84090,UT,MODERATE,3.0
84091,UT,MODERATE,3.0
84092,UT,MODERATE,3.0
84093,UT,MODERATE,3.0
84094,UT,MODERATE,3.0
84095,UT,MODERATE,3.0
84096,UT,MODERATE,3.0
84097,UT,MODERATE,3.0
84098,UT,MAJOR,4.0
84101,UT,MODERATE,3.0
84102,UT,MODERATE,3.0
84103,UT,MODERATE,3.0
84104,UT,MODERATE,3.0
84105,UT,MODERATE,3.0
84106,UT,MODERATE,3.0
84107,UT,MODERATE,3.0
84108,UT,MODERATE,3.0
84109,UT,MODERATE,3.0
84110,UT,MODERATE,3.0
84111,UT,MODERATE,3.0
84112,UT,MODERATE,3.0
84113,UT,MODERATE,3.0
84115,UT,MODERATE,3.0
84116,UT,MODERATE,3.0
84117,UT,MODERATE,3.0
84118,UT,MODERATE,3.0
84119,UT,MODERATE,3.0
84120,UT,MODERATE,3.0
84121,UT,MODERATE,3.0
84122,UT,MODERATE,3.0
84123,UT,MODERATE,3.0
84124,UT,MODERATE,3.0
84125,UT,MODERATE,3.0
84126,UT,MODERATE,3.0
84127,UT,MODERATE,3.0
84128,UT,MODERATE,3.0
84129,UT,MODERATE,3.0
84152,UT,MODERATE,3.0
84157,UT,MODERATE,3.0
84158,UT,MODERATE,3.0
84165,UT,MODERATE,3.0
84170,UT,MODERATE,3.0
84171,UT,MODERATE,3.0
84301,UT,MODERATE,3.0
84302,UT,MAJOR,4.0
84304,UT,MODERATE,3.0
84305,UT,MODERATE,3.0
84306,UT,MODERATE,3.0
84307,UT,MODERATE,3.0
84308,UT,MODERATE,3.0
84309,UT,MODERATE,3.0
84310,UT,MAJOR,4.0
84311,UT,MODERATE,3.0
84312,UT,MODERATE,3.0
84313,UT,MODERATE,3.0
84314,UT,MODERATE,3.0
84315,UT,MODERATE,3.0
84316,UT,MODERATE,3.0
84317,UT,MAJOR,4.0
84318,UT,MAJOR,4.0
84319,UT,MAJOR,4.0
84320,UT,MODERATE,3.0
84321,UT,MAJOR,4.0
84323,UT,MAJOR,4.0
84324,UT,MAJOR,4.0
84325,UT,MODERATE,3.0
84326,UT,MAJOR,4.0
84327,UT,MODERATE,3.0
84328,UT,MAJOR,4.0
84329,UT,MODERATE,3.0
84330,UT,MODERATE,3.0
84331,UT,MODERATE,3.0
84332,UT,MAJOR,4.0
84333,UT,MODERATE,3.0
84334,UT,MODERATE,3.0
84335,UT,MODERATE,3.0
84336,UT,MODERATE,3.0
84337,UT,MODERATE,3.0
84338,UT,MODERATE,3.0
84339,UT,MAJOR,4.0
84340,UT,MODERATE,3.0
84341,UT,MAJOR,4.0
84401,UT,MODERATE,3.0
84402,UT,MODERATE,3.0
84403,UT,MODERATE,3.0
84404,UT,MODERATE,3.0
84405,UT,MODERATE,3.0
84408,UT,MODERATE,3.0
84409,UT,MODERATE,3.0
84412,UT,MODERATE,3.0
84414,UT,MAJOR,4.0
84415,UT,MODERATE,3.0
84501,UT,MODERATE,3.0
84510,UT,LIMITED,1.0
84511,UT,LIMITED,1.0
84512,UT,MINOR,2.0
84513,UT,MODERATE,3.0
84515,UT,MODERATE,3.0
84516,UT,MODERATE,3.0
84518,UT,MODERATE,3.0
84520,UT,MODERATE,3.0
84521,UT,MODERATE,3.0
84522,UT,MODERATE,3.0
84523,UT,MODERATE,3.0
84525,UT,MODERATE,3.0
84526,UT,MODERATE,3.0
84528,UT,MODERATE,3.0
84529,UT,MODERATE,3.0
84530,UT,MODERATE,3.0
84532,UT,MODERATE,3.0
84533,UT,MINOR,2.0
84534,UT,LIMITED,1.0
84535,UT,MODERATE,3.0
84537,UT,MODERATE,3.0
84539,UT,MODERATE,3.0
84540,UT,MODERATE,3.0
84542,UT,MODERATE,3.0
84601,UT,MODERATE,3.0
84602,UT,MODERATE,3.0
84603,UT,MODERATE,3.0
84604,UT,MODERATE,3.0
84605,UT,MODERATE,3.0
84606,UT,MODERATE,3.0
84620,UT,MAJOR,4.0
84621,UT,MAJOR,4.0
84622,UT,MAJOR,4.0
84623,UT,MAJOR,4.0
84624,UT,MODERATE,3.0
84626,UT,MODERATE,3.0
84627,UT,MAJOR,4.0
84628,UT,MODERATE,3.0
84629,UT,MAJOR,4.0
84630,UT,MAJOR,4.0
84631,UT,MODERATE,3.0
84632,UT,MAJOR,4.0
84633,UT,MODERATE,3.0
84634,UT,MAJOR,4.0
84635,UT,MODERATE,3.0
84636,UT,MODERATE,3.0
84637,UT,MODERATE,3.0
84638,UT,MODERATE,3.0
84639,UT,MAJOR,4.0
84640,UT,MODERATE,3.0
84642,UT,MAJOR,4.0
84643,UT,MAJOR,4.0
84644,UT,MODERATE,3.0
84645,UT,MAJOR,4.0
84646,UT,MAJOR,4.0
84647,UT,MAJOR,4.0
84648,UT,MAJOR,4.0
84649,UT,MODERATE,3.0
84651,UT,MODERATE,3.0
84652,UT,MAJOR,4.0
84653,UT,MAJOR,4.0
84654,UT,MAJOR,4.0
84655,UT,MODERATE,3.0
84656,UT,MAJOR,4.0
84657,UT,MAJOR,4.0
84660,UT,MAJOR,4.0
84662,UT,MAJOR,4.0
84663,UT,MAJOR,4.0
84664,UT,MAJOR,4.0
84665,UT,MAJOR,4.0
84667,UT,MAJOR,4.0
84701,UT,MAJOR,4.0
84710,UT,MINOR,2.0
84711,UT,MAJOR,4.0
84712,UT,MODERATE,3.0
84713,UT,MODERATE,3.0
84714,UT,MODERATE,3.0
84715,UT,MODERATE,3.0
84716,UT,MODERATE,3.0
84718,UT,MODERATE,3.0
84719,UT,MODERATE,3.0
84720,UT,MODERATE,3.0
84721,UT,MODERATE,3.0
84722,UT,MODERATE,3.0
84723,UT,MODERATE,3.0
84724,UT,MAJOR,4.0
84725,UT,MODERATE,3.0
84726,UT,MODERATE,3.0
84728,UT,MODERATE,3.0
84730,UT,MAJOR,4.0
84731,UT,MODERATE,3.0
84732,UT,MODERATE,3.0
84733,UT,MODERATE,3.0
84734,UT,MODERATE,3.0
84735,UT,MODERATE,3.0
84736,UT,MODERATE,3.0
84737,UT,LIMITED,1.0
84738,UT,LIMITED,1.0
84739,UT,MAJOR,4.0
84741,UT,LIMITED,1.0
84742,UT,MODERATE,3.0
84743,UT,MODERATE,3.0
84744,UT,MODERATE,3.0
84745,UT,LIMITED,1.0
84746,UT,LIMITED,1.0
84747,UT,MODERATE,3.0
84749,UT,MODERATE,3.0
84750,UT,MODERATE,3.0
84751,UT,MODERATE,3.0
84752,UT,MODERATE,3.0
84753,UT,MODERATE,3.0
84754,UT,MAJOR,4.0
84755,UT,MODERATE,3.0
84756,UT,MODERATE,3.0
84757,UT,MODERATE,3.0
84758,UT,MODERATE,3.0
84759,UT,MODERATE,3.0
84760,UT,MODERATE,3.0
84761,UT,MODERATE,3.0
84762,UT,LIMITED,1.0
84763,UT,MINOR,2.0
84764,UT,MODERATE,3.0
84765,UT,LIMITED,1.0
84766,UT,MAJOR,4.0
84767,UT,MODERATE,3.0
84770,UT,LIMITED,1.0
84771,UT,LIMITED,1.0
84772,UT,MODERATE,3.0
84773,UT,MODERATE,3.0
84774,UT,LIMITED,1.0
84775,UT,MODERATE,3.0
84776,UT,MODERATE,3.0
84779,UT,LIMITED,1.0
84780,UT,LIMITED,1.0
84781,UT,MODERATE,3.0
84782,UT,MODERATE,3.0
84783,UT,MODERATE,3.0
84784,UT,LIMITED,1.0
84790,UT,LIMITED,1.0
84791,UT,LIMITED,1.0
85920,AZ,LIMITED,1.0
85927,AZ,LIMITED,1.0
85930,AZ,MINOR,2.0
85931,AZ,LIMITED,1.0
85932,AZ,MINOR,2.0
85940,AZ,MINOR,2.0
86001,AZ,LIMITED,1.0
86002,AZ,LIMITED,1.0
86003,AZ,LIMITED,1.0
86004,AZ,LIMITED,1.0
86005,AZ,LIMITED,1.0
86015,AZ,MINOR,2.0
86018,AZ,LIMITED,1.0
86022,AZ,LIMITED,1.0
86023,AZ,LIMITED,1.0
86036,AZ,MINOR,2.0
86038,AZ,LIMITED,1.0
86052,AZ,MINOR,2.0
86432,AZ,MODERATE,3.0
86544,AZ,MINOR,2.0
87012,NM,LIMITED,1.0
87017,NM,LIMITED,1.0
87025,NM,LIMITED,1.0
87029,NM,LIMITED,1.0
87064,NM,LIMITED,1.0
87512,NM,MINOR,2.0
87513,NM,MINOR,2.0
87514,NM,LIMITED,1.0
87515,NM,LIMITED,1.0
87516,NM,LIMITED,1.0
87517,NM,LIMITED,1.0
87518,NM,LIMITED,1.0
87519,NM,LIMITED,1.0
87520,NM,LIMITED,1.0
87521,NM,LIMITED,1.0
87523,NM,LIMITED,1.0
87524,NM,LIMITED,1.0
87525,NM,MINOR,2.0
87528,NM,LIMITED,1.0
87529,NM,LIMITED,1.0
87539,NM,LIMITED,1.0
87549,NM,LIMITED,1.0
87551,NM,LIMITED,1.0
87553,NM,LIMITED,1.0
87554,NM,LIMITED,1.0
87556,NM,LIMITED,1.0
87557,NM,LIMITED,1.0
87558,NM,MINOR,2.0
87571,NM,LIMITED,1.0
87573,NM,LIMITED,1.0
87575,NM,LIMITED,1.0
87576,NM,LIMITED,1.0
87577,NM,LIMITED,1.0
87578,NM,LIMITED,1.0
87579,NM,LIMITED,1.0
87580,NM,LIMITED,1.0
87581,NM,LIMITED,1.0
88049,NM,LIMITED,1.0
88317,NM,LIMITED,1.0
88340,NM,LIMITED,1.0
88347,NM,LIMITED,1.0
89001,NV,MODERATE,3.0
89003,NV,MINOR,2.0
89004,NV,LIMITED,1.0
89008,NV,MINOR,2.0
89010,NV,MODERATE,3.0
89013,NV,MODERATE,3.0
89017,NV,MODERATE,3.0
89019,NV,MINOR,2.0
89022,NV,MODERATE,3.0
89041,NV,LIMITED,1.0
89042,NV,MODERATE,3.0
89043,NV,MODERATE,3.0
89045,NV,MODERATE,3.0
89047,NV,MODERATE,3.0
89048,NV,LIMITED,1.0
89049,NV,MODERATE,3.0
89061,NV,LIMITED,1.0
89124,NV,MODERATE,3.0
89161,NV,LIMITED,1.0
89301,NV,MODERATE,3.0
89310,NV,MAJOR,4.0
89311,NV,MAJOR,4.0
89314,NV,MODERATE,3.0
89316,NV,MODERATE,3.0
89317,NV,MODERATE,3.0
89318,NV,MODERATE,3.0
89319,NV,MODERATE,3.0
89402,NV,EXTREME,5.0
89403,NV,MAJOR,4.0
89404,NV,MODERATE,3.0
89406,NV,MODERATE,3.0
89407,NV,MODERATE,3.0
89408,NV,MODERATE,3.0
89409,NV,MODERATE,3.0
89410,NV,MAJOR,4.0
89411,NV,EXTREME,5.0
89412,NV,MODERATE,3.0
89413,NV,EXTREME,5.0
89414,NV,MODERATE,3.0
89415,NV,MODERATE,3.0
89418,NV,MODERATE,3.0
89419,NV,MODERATE,3.0
89420,NV,MODERATE,3.0
89421,NV,MODERATE,3.0
89422,NV,MODERATE,3.0
89423,NV,MAJOR,4.0
89424,NV,MODERATE,3.0
89425,NV,MODERATE,3.0
89426,NV,MODERATE,3.0
89427,NV,MODERATE,3.0
89428,NV,MAJOR,4.0
89429,NV,MODERATE,3.0
89430,NV,MODERATE,3.0
89431,NV,MAJOR,4.0
89432,NV,MAJOR,4.0
89433,NV,MAJOR,4.0
89434,NV,MAJOR,4.0
89435,NV,MAJOR,4.0
89436,NV,MAJOR,4.0
89438,NV,MODERATE,3.0
89439,NV,EXTREME,5.0
89440,NV,MAJOR,4.0
89441,NV,MAJOR,4.0
89442,NV,MODERATE,3.0
89444,NV,MAJOR,4.0
89445,NV,MODERATE,3.0
89446,NV,MODERATE,3.0
89447,NV,MODERATE,3.0
89448,NV,EXTREME,5.0
89449,NV,EXTREME,5.0
89450,NV,EXTREME,5.0
89451,NV,EXTREME,5.0
89460,NV,MAJOR,4.0
89501,NV,MAJOR,4.0
89502,NV,MAJOR,4.0
89503,NV,MAJOR,4.0
89504,NV,MAJOR,4.0
89505,NV,MAJOR,4.0
89506,NV,MAJOR,4.0
89507,NV,MAJOR,4.0
89508,NV,MAJOR,4.0
89509,NV,MAJOR,4.0
89510,NV,MAJOR,4.0
89511,NV,MAJOR,4.0
89512,NV,MAJOR,4.0
89513,NV,MAJOR,4.0
89515,NV,MAJOR,4.0
89519,NV,MAJOR,4.0
89521,NV,MAJOR,4.0
89523,NV,MAJOR,4.0
89533,NV,MAJOR,4.0
89570,NV,MAJOR,4.0
89701,NV,MAJOR,4.0
89702,NV,MAJOR,4.0
89703,NV,MAJOR,4.0
89704,NV,MAJOR,4.0
89705,NV,MAJOR,4.0
89706,NV,MAJOR,4.0
89721,NV,MAJOR,4.0
89801,NV,MODERATE,3.0
89803,NV,MODERATE,3.0
89815,NV,MODERATE,3.0
89820,NV,MODERATE,3.0
89821,NV,MODERATE,3.0
89822,NV,MODERATE,3.0
89823,NV,MODERATE,3.0
89825,NV,MODERATE,3.0
89828,NV,MODERATE,3.0
89830,NV,MODERATE,3.0
89831,NV,MODERATE,3.0
89832,NV,MODERATE,3.0
89833,NV,MODERATE,3.0
89834,NV,MODERATE,3.0
89835,NV,MODERATE,3.0
89883,NV,MODERATE,3.0
91023,CA,LIMITED,1.0
92230,CA,MODERATE,3.0
92282,CA,LIMITED,1.0
92305,CA,MODERATE,3.0
92314,CA,MODERATE,3.0
92315,CA,MODERATE,3.0
92317,CA,LIMITED,1.0
92321,CA,LIMITED,1.0
92322,CA,LIMITED,1.0
92325,CA,LIMITED,1.0
92333,CA,MODERATE,3.0
92339,CA,MODERATE,3.0
92341,CA,MODERATE,3.0
92352,CA,LIMITED,1.0
92358,CA,LIMITED,1.0
92382,CA,LIMITED,1.0
92385,CA,LIMITED,1.0
92386,CA,MODERATE,3.0
92391,CA,LIMITED,1.0
92549,CA,MODERATE,3.0
92561,CA,MINOR,2.0
93205,CA,EXTREME,5.0
93207,CA,EXTREME,5.0
93222,CA,MODERATE,3.0
93225,CA,MINOR,2.0
93238,CA,EXTREME,5.0
93240,CA,EXTREME,5.0
93243,CA,MINOR,2.0
93254,CA,LIMITED,1.0
93255,CA,MAJOR,4.0
93260,CA,MAJOR,4.0
93262,CA,EXTREME,5.0
93265,CA,MINOR,2.0
93271,CA,LIMITED,1.0
93283,CA,MAJOR,4.0
93285,CA,EXTREME,5.0
93510,CA,MINOR,2.0
93512,CA,MAJOR,4.0
93513,CA,MODERATE,3.0
93514,CA,MODERATE,3.0
93515,CA,MODERATE,3.0
93517,CA,EXTREME,5.0
93518,CA,MODERATE,3.0
93526,CA,MODERATE,3.0
93529,CA,EXTREME,5.0
93530,CA,MODERATE,3.0
93531,CA,MODERATE,3.0
93541,CA,MAJOR,4.0
93545,CA,MODERATE,3.0
93546,CA,EXTREME,5.0
93549,CA,MODERATE,3.0
93561,CA,MODERATE,3.0
93562,CA,LIMITED,1.0
93563,CA,MINOR,2.0
93581,CA,MODERATE,3.0
93601,CA,LIMITED,1.0
93602,CA,LIMITED,1.0
93603,CA,LIMITED,1.0
93604,CA,MAJOR,4.0
93605,CA,EXTREME,5.0
93623,CA,EXTREME,5.0
93628,CA,EXTREME,5.0
93641,CA,MINOR,2.0
93643,CA,MODERATE,3.0
93644,CA,MINOR,2.0
93664,CA,EXTREME,5.0
93669,CA,MODERATE,3.0
95223,CA,EXTREME,5.0
95224,CA,MODERATE,3.0
95229,CA,MODERATE,3.0
95232,CA,LIMITED,1.0
95248,CA,MAJOR,4.0
95255,CA,MODERATE,3.0
95257,CA,MODERATE,3.0
95318,CA,EXTREME,5.0
95321,CA,MINOR,2.0
95335,CA,EXTREME,5.0
95345,CA,MINOR,2.0
95346,CA,EXTREME,5.0
95364,CA,EXTREME,5.0
95372,CA,MINOR,2.0
95379,CA,MINOR,2.0
95383,CA,MAJOR,4.0
95389,CA,EXTREME,5.0
95415,CA,MODERATE,3.0
95417,CA,MAJOR,4.0
95422,CA,MODERATE,3.0
95423,CA,MODERATE,3.0
95424,CA,MODERATE,3.0
95426,CA,MAJOR,4.0
95428,CA,EXTREME,5.0
95429,CA,EXTREME,5.0
95435,CA,MAJOR,4.0
95443,CA,EXTREME,5.0
95449,CA,MAJOR,4.0
95451,CA,MAJOR,4.0
95453,CA,MAJOR,4.0
95454,CA,EXTREME,5.0
95457,CA,MODERATE,3.0
95458,CA,MAJOR,4.0
95461,CA,MODERATE,3.0
95463,CA,MINOR,2.0
95464,CA,MAJOR,4.0
95466,CA,MODERATE,3.0
95467,CA,MODERATE,3.0
95469,CA,MAJOR,4.0
95470,CA,MAJOR,4.0
95481,CA,MAJOR,4.0
95482,CA,MAJOR,4.0
95485,CA,MAJOR,4.0
95490,CA,MAJOR,4.0
95493,CA,MAJOR,4.0
95494,CA,MODERATE,3.0
95511,CA,EXTREME,5.0
95514,CA,EXTREME,5.0
95525,CA,EXTREME,5.0
95526,CA,EXTREME,5.0
95527,CA,EXTREME,5.0
95528,CA,MAJOR,4.0
95536,CA,LIMITED,1.0
95540,CA,MODERATE,3.0
95542,CA,MAJOR,4.0
95543,CA,EXTREME,5.0
95546,CA,EXTREME,5.0
95547,CA,MAJOR,4.0
95548,CA,MODERATE,3.0
95549,CA,MAJOR,4.0
95550,CA,EXTREME,5.0
95552,CA,EXTREME,5.0
95553,CA,MAJOR,4.0
95554,CA,MAJOR,4.0
95556,CA,EXTREME,5.0
95558,CA,MAJOR,4.0
95560,CA,MAJOR,4.0
95562,CA,MAJOR,4.0
95565,CA,MAJOR,4.0
95568,CA,EXTREME,5.0
95569,CA,MAJOR,4.0
95571,CA,EXTREME,5.0
95573,CA,EXTREME,5.0
95585,CA,MAJOR,4.0
95587,CA,MAJOR,4.0
95589,CA,MINOR,2.0
95595,CA,EXTREME,5.0
95631,CA,LIMITED,1.0
95634,CA,LIMITED,1.0
95636,CA,EXTREME,5.0
95656,CA,EXTREME,5.0
95666,CA,MODERATE,3.0
95684,CA,LIMITED,1.0
95689,CA,MINOR,2.0
95701,CA,EXTREME,5.0
95709,CA,MINOR,2.0
95715,CA,EXTREME,5.0
95717,CA,EXTREME,5.0
95720,CA,EXTREME,5.0
95724,CA,EXTREME,5.0
95726,CA,EXTREME,5.0
95728,CA,EXTREME,5.0
95735,CA,EXTREME,5.0
95910,CA,EXTREME,5.0
95916,CA,LIMITED,1.0
95919,CA,LIMITED,1.0
95922,CA,MAJOR,4.0
95923,CA,EXTREME,5.0
95924,CA,MINOR,2.0
95925,CA,MINOR,2.0
95930,CA,MAJOR,4.0
95934,CA,EXTREME,5.0
95935,CA,LIMITED,1.0
95941,CA,LIMITED,1.0
95942,CA,MODERATE,3.0
95945,CA,MINOR,2.0
95947,CA,EXTREME,5.0
95954,CA,LIMITED,1.0
95959,CA,MODERATE,3.0
95960,CA,MAJOR,4.0
95971,CA,EXTREME,5.0
95983,CA,EXTREME,5.0
96006,CA,MAJOR,4.0
96008,CA,LIMITED,1.0
96009,CA,MAJOR,4.0
96010,CA,EXTREME,5.0
96013,CA,EXTREME,5.0
96014,CA,MAJOR,4.0
96015,CA,MODERATE,3.0
96016,CA,MAJOR,4.0
96017,CA,MAJOR,4.0
96019,CA,LIMITED,1.0
96020,CA,EXTREME,5.0
96023,CA,MODERATE,3.0
96024,CA,MAJOR,4.0
96025,CA,MAJOR,4.0
96027,CA,MAJOR,4.0
96028,CA,MAJOR,4.0
96031,CA,EXTREME,5.0
96032,CA,MAJOR,4.0
96033,CA,MAJOR,4.0
96034,CA,MAJOR,4.0
96038,CA,MAJOR,4.0
96039,CA,EXTREME,5.0
96040,CA,MAJOR,4.0
96041,CA,MAJOR,4.0
96044,CA,MAJOR,4.0
96046,CA,EXTREME,5.0
96047,CA,LIMITED,1.0
96048,CA,MAJOR,4.0
96050,CA,MAJOR,4.0
96051,CA,MAJOR,4.0
96052,CA,MAJOR,4.0
96056,CA,MAJOR,4.0
96057,CA,MAJOR,4.0
96058,CA,MODERATE,3.0
96059,CA,MODERATE,3.0
96061,CA,EXTREME,5.0
96064,CA,MAJOR,4.0
96065,CA,MAJOR,4.0
96067,CA,MAJOR,4.0
96068,CA,MAJOR,4.0
96069,CA,MINOR,2.0
96071,CA,EXTREME,5.0
96075,CA,MINOR,2.0
96076,CA,MAJOR,4.0
96085,CA,EXTREME,5.0
96086,CA,EXTREME,5.0
96087,CA,LIMITED,1.0
96088,CA,MODERATE,3.0
96091,CA,MAJOR,4.0
96093,CA,MAJOR,4.0
96094,CA,MAJOR,4.0
96095,CA,MODERATE,3.0
96096,CA,MINOR,2.0
96097,CA,MAJOR,4.0
96101,CA,MODERATE,3.0
96103,CA,EXTREME,5.0
96104,CA,MODERATE,3.0
96105,CA,EXTREME,5.0
96107,CA,MAJOR,4.0
96108,CA,MODERATE,3.0
96109,CA,MAJOR,4.0
96111,CA,EXTREME,5.0
96112,CA,MODERATE,3.0
96114,CA,MAJOR,4.0
96115,CA,MODERATE,3.0
96117,CA,MAJOR,4.0
96118,CA,EXTREME,5.0
96120,CA,EXTREME,5.0
96121,CA,MAJOR,4.0
96122,CA,EXTREME,5.0
96123,CA,MAJOR,4.0
96124,CA,EXTREME,5.0
96125,CA,EXTREME,5.0
96127,CA,MAJOR,4.0
96128,CA,MAJOR,4.0
96129,CA,EXTREME,5.0
96130,CA,MAJOR,4.0
96132,CA,MAJOR,4.0
96133,CA,MAJOR,4.0
96134,CA,MODERATE,3.0
96136,CA,MAJOR,4.0
96137,CA,EXTREME,5.0
96141,CA,EXTREME,5.0
96143,CA,EXTREME,5.0
96146,CA,EXTREME,5.0
96150,CA,EXTREME,5.0
96151,CA,EXTREME,5.0
96155,CA,EXTREME,5.0
96158,CA,EXTREME,5.0
96160,CA,EXTREME,5.0
96161,CA,EXTREME,5.0
96162,CA,EXTREME,5.0
97001,OR,MINOR,2.0
97002,OR,MODERATE,3.0
97003,OR,MODERATE,3.0
97004,OR,MODERATE,3.0
97005,OR,MODERATE,3.0
97006,OR,MODERATE,3.0
97007,OR,MODERATE,3.0
97008,OR,MODERATE,3.0
97009,OR,MODERATE,3.0
97011,OR,MODERATE,3.0
97013,OR,MODERATE,3.0
97014,OR,MODERATE,3.0
97015,OR,MODERATE,3.0
97016,OR,MINOR,2.0
97017,OR,MODERATE,3.0
97018,OR,MODERATE,3.0
97019,OR,MODERATE,3.0
97020,OR,MODERATE,3.0
97021,OR,MINOR,2.0
97022,OR,MODERATE,3.0
97023,OR,MODERATE,3.0
97024,OR,MODERATE,3.0
97026,OR,MODERATE,3.0
97027,OR,MODERATE,3.0
97028,OR,MINOR,2.0
97029,OR,MINOR,2.0
97030,OR,MODERATE,3.0
97031,OR,MINOR,2.0
97032,OR,MODERATE,3.0
97033,OR,MINOR,2.0
97034,OR,MODERATE,3.0
97035,OR,MODERATE,3.0
97036,OR,MODERATE,3.0
97037,OR,MINOR,2.0
97038,OR,MODERATE,3.0
97039,OR,MINOR,2.0
97040,OR,MINOR,2.0
97041,OR,MINOR,2.0
97042,OR,MODERATE,3.0
97044,OR,MINOR,2.0
97045,OR,MODERATE,3.0
97048,OR,MINOR,2.0
97049,OR,MODERATE,3.0
97050,OR,MINOR,2.0
97051,OR,MODERATE,3.0
97053,OR,MODERATE,3.0
97054,OR,MINOR,2.0
97055,OR,MODERATE,3.0
97056,OR,MODERATE,3.0
97058,OR,MINOR,2.0
97060,OR,MODERATE,3.0
97062,OR,MODERATE,3.0
97063,OR,MINOR,2.0
97064,OR,MODERATE,3.0
97065,OR,MINOR,2.0
97067,OR,MODERATE,3.0
97068,OR,MODERATE,3.0
97070,OR,MODERATE,3.0
97071,OR,MODERATE,3.0
97075,OR,MODERATE,3.0
97078,OR,MODERATE,3.0
97080,OR,MODERATE,3.0
97086,OR,MODERATE,3.0
97089,OR,MODERATE,3.0
97101,OR,MODERATE,3.0
97103,OR,LIMITED,1.0
97106,OR,MODERATE,3.0
97107,OR,LIMITED,1.0
97108,OR,MODERATE,3.0
97109,OR,MODERATE,3.0
97111,OR,MODERATE,3.0
97113,OR,MODERATE,3.0
97114,OR,MODERATE,3.0
97115,OR,MODERATE,3.0
97116,OR,MODERATE,3.0
97117,OR,MODERATE,3.0
97118,OR,LIMITED,1.0
97119,OR,MODERATE,3.0
97122,OR,MINOR,2.0
97123,OR,MODERATE,3.0
97124,OR,MODERATE,3.0
97125,OR,MODERATE,3.0
97127,OR,MODERATE,3.0
97128,OR,MODERATE,3.0
97130,OR,LIMITED,1.0
97131,OR,MINOR,2.0
97132,OR,MODERATE,3.0
97133,OR,MODERATE,3.0
97136,OR,LIMITED,1.0
97137,OR,MODERATE,3.0
97140,OR,MODERATE,3.0
97141,OR,LIMITED,1.0
97144,OR,MODERATE,3.0
97147,OR,LIMITED,1.0
97148,OR,MODERATE,3.0
97201,OR,MODERATE,3.0
97202,OR,MODERATE,3.0
97203,OR,MODERATE,3.0
97204,OR,MODERATE,3.0
97205,OR,MODERATE,3.0
97206,OR,MODERATE,3.0
97207,OR,MODERATE,3.0
97208,OR,MODERATE,3.0
97209,OR,MODERATE,3.0
97210,OR,MODERATE,3.0
97211,OR,MODERATE,3.0
97212,OR,MODERATE,3.0
97213,OR,MODERATE,3.0
97214,OR,MODERATE,3.0
97215,OR,MODERATE,3.0
97216,OR,MODERATE,3.0
97217,OR,MODERATE,3.0
97218,OR,MODERATE,3.0
97219,OR,MODERATE,3.0
97220,OR,MODERATE,3.0
97221,OR,MODERATE,3.0
97222,OR,MODERATE,3.0
97223,OR,MODERATE,3.0
97224,OR,MODERATE,3.0
97225,OR,MODERATE,3.0
97227,OR,MODERATE,3.0
97228,OR,MODERATE,3.0
97229,OR,MODERATE,3.0
97230,OR,MODERATE,3.0
97231,OR,MODERATE,3.0
97232,OR,MODERATE,3.0
97233,OR,MODERATE,3.0
97236,OR,MODERATE,3.0
97238,OR,MODERATE,3.0
97239,OR,MODERATE,3.0
97240,OR,MODERATE,3.0
97242,OR,MODERATE,3.0
97250,OR,MODERATE,3.0
97266,OR,MODERATE,3.0
97267,OR,MODERATE,3.0
97268,OR,MODERATE,3.0
97269,OR,MODERATE,3.0
97280,OR,MODERATE,3.0
97281,OR,MODERATE,3.0
97282,OR,MODERATE,3.0
97283,OR,MODERATE,3.0
97286,OR,MODERATE,3.0
97290,OR,MODERATE,3.0
97292,OR,MODERATE,3.0
97293,OR,MODERATE,3.0
97294,OR,MODERATE,3.0
97296,OR,MODERATE,3.0
97298,OR,MODERATE,3.0
97301,OR,MODERATE,3.0
97302,OR,MODERATE,3.0
97303,OR,MODERATE,3.0
97304,OR,MODERATE,3.0
97305,OR,MODERATE,3.0
97306,OR,MODERATE,3.0
97307,OR,MODERATE,3.0
97308,OR,MODERATE,3.0
97309,OR,MODERATE,3.0
97317,OR,MODERATE,3.0
97321,OR,MODERATE,3.0
97322,OR,MODERATE,3.0
97324,OR,MAJOR,4.0
97325,OR,MODERATE,3.0
97326,OR,MAJOR,4.0
97327,OR,MODERATE,3.0
97329,OR,MAJOR,4.0
97330,OR,MODERATE,3.0
97331,OR,MODERATE,3.0
97333,OR,MODERATE,3.0
97335,OR,MODERATE,3.0
97336,OR,MODERATE,3.0
97338,OR,MODERATE,3.0
97339,OR,MODERATE,3.0
97342,OR,MODERATE,3.0
97343,OR,MAJOR,4.0
97344,OR,MODERATE,3.0
97345,OR,MAJOR,4.0
97346,OR,MAJOR,4.0
97347,OR,MAJOR,4.0
97348,OR,MODERATE,3.0
97350,OR,MODERATE,3.0
97351,OR,MODERATE,3.0
97352,OR,MODERATE,3.0
97355,OR,MODERATE,3.0
97357,OR,MODERATE,3.0
97358,OR,MAJOR,4.0
97360,OR,MAJOR,4.0
97361,OR,MODERATE,3.0
97362,OR,MODERATE,3.0
97368,OR,LIMITED,1.0
97370,OR,MODERATE,3.0
97371,OR,MODERATE,3.0
97374,OR,MODERATE,3.0
97375,OR,MODERATE,3.0
97377,OR,MODERATE,3.0
97378,OR,MODERATE,3.0
97380,OR,LIMITED,1.0
97381,OR,MODERATE,3.0
97383,OR,MODERATE,3.0
97385,OR,MODERATE,3.0
97386,OR,MODERATE,3.0
97389,OR,MODERATE,3.0
97390,OR,MODERATE,3.0
97391,OR,LIMITED,1.0
97392,OR,MODERATE,3.0
97396,OR,MAJOR,4.0
97401,OR,MODERATE,3.0
97402,OR,MODERATE,3.0
97403,OR,MODERATE,3.0
97404,OR,MODERATE,3.0
97405,OR,MODERATE,3.0
97406,OR,EXTREME,5.0
97408,OR,MODERATE,3.0
97410,OR,MAJOR,4.0
97412,OR,MODERATE,3.0
97413,OR,MODERATE,3.0
97414,OR,MODERATE,3.0
97416,OR,MAJOR,4.0
97417,OR,MAJOR,4.0
97419,OR,MODERATE,3.0
97423,OR,LIMITED,1.0
97424,OR,MODERATE,3.0
97426,OR,MODERATE,3.0
97429,OR,MAJOR,4.0
97430,OR,MODERATE,3.0
97431,OR,MODERATE,3.0
97432,OR,MODERATE,3.0
97434,OR,MODERATE,3.0
97435,OR,MODERATE,3.0
97436,OR,MODERATE,3.0
97437,OR,MODERATE,3.0
97438,OR,MODERATE,3.0
97440,OR,MODERATE,3.0
97442,OR,MAJOR,4.0
97443,OR,MAJOR,4.0
97446,OR,MODERATE,3.0
97447,OR,MAJOR,4.0
97448,OR,MODERATE,3.0
97450,OR,LIMITED,1.0
97451,OR,MODERATE,3.0
97452,OR,MODERATE,3.0
97453,OR,MODERATE,3.0
97454,OR,MAJOR,4.0
97455,OR,MODERATE,3.0
97456,OR,MODERATE,3.0
97457,OR,MODERATE,3.0
97458,OR,MODERATE,3.0
97461,OR,MODERATE,3.0
97462,OR,MODERATE,3.0
97463,OR,MODERATE,3.0
97466,OR,MAJOR,4.0
97469,OR,MODERATE,3.0
97470,OR,MODERATE,3.0
97471,OR,MODERATE,3.0
97473,OR,MAJOR,4.0
97475,OR,MODERATE,3.0
97476,OR,MINOR,2.0
97477,OR,MODERATE,3.0
97478,OR,MODERATE,3.0
97479,OR,MODERATE,3.0
97480,OR,MODERATE,3.0
97481,OR,MAJOR,4.0
97484,OR,MAJOR,4.0
97486,OR,MODERATE,3.0
97487,OR,MODERATE,3.0
97488,OR,MODERATE,3.0
97489,OR,MAJOR,4.0
97490,OR,MAJOR,4.0
97492,OR,MODERATE,3.0
97494,OR,MODERATE,3.0
97495,OR,MODERATE,3.0
97496,OR,MODERATE,3.0
97497,OR,MAJOR,4.0
97499,OR,MODERATE,3.0
97501,OR,MAJOR,4.0
97502,OR,MAJOR,4.0
97503,OR,MAJOR,4.0
97504,OR,MAJOR,4.0
97520,OR,MAJOR,4.0
97522,OR,MAJOR,4.0
97523,OR,EXTREME,5.0
97524,OR,MAJOR,4.0
97525,OR,MAJOR,4.0
97526,OR,MAJOR,4.0
97527,OR,MAJOR,4.0
97528,OR,MAJOR,4.0
97530,OR,MAJOR,4.0
97531,OR,EXTREME,5.0
97532,OR,MAJOR,4.0
97533,OR,MAJOR,4.0
97534,OR,EXTREME,5.0
97535,OR,MAJOR,4.0
97536,OR,MAJOR,4.0
97537,OR,MAJOR,4.0
97538,OR,EXTREME,5.0
97539,OR,MAJOR,4.0
97540,OR,MAJOR,4.0
97541,OR,MAJOR,4.0
97543,OR,MAJOR,4.0
97544,OR,MAJOR,4.0
97601,OR,MODERATE,3.0
97602,OR,MODERATE,3.0
97603,OR,MODERATE,3.0
97620,OR,MINOR,2.0
97621,OR,MODERATE,3.0
97622,OR,MODERATE,3.0
97623,OR,MODERATE,3.0
97624,OR,MODERATE,3.0
97625,OR,MODERATE,3.0
97626,OR,MODERATE,3.0
97627,OR,MODERATE,3.0
97630,OR,MODERATE,3.0
97632,OR,MODERATE,3.0
97633,OR,MODERATE,3.0
97634,OR,MODERATE,3.0
97635,OR,MODERATE,3.0
97636,OR,MINOR,2.0
97637,OR,MODERATE,3.0
97638,OR,MINOR,2.0
97639,OR,MODERATE,3.0
97640,OR,MINOR,2.0
97641,OR,MINOR,2.0
97701,OR,MINOR,2.0
97702,OR,MINOR,2.0
97703,OR,MINOR,2.0
97707,OR,MINOR,2.0
97708,OR,MINOR,2.0
97709,OR,MINOR,2.0
97710,OR,MODERATE,3.0
97711,OR,MINOR,2.0
97712,OR,MINOR,2.0
97720,OR,MINOR,2.0
97721,OR,MINOR,2.0
97722,OR,MINOR,2.0
97730,OR,MINOR,2.0
97731,OR,MODERATE,3.0
97732,OR,MINOR,2.0
97733,OR,MINOR,2.0
97734,OR,MINOR,2.0
97735,OR,MINOR,2.0
97736,OR,MINOR,2.0
97737,OR,MINOR,2.0
97738,OR,MINOR,2.0
97739,OR,MINOR,2.0
97741,OR,MINOR,2.0
97750,OR,MINOR,2.0
97751,OR,MINOR,2.0
97752,OR,MINOR,2.0
97753,OR,MINOR,2.0
97754,OR,MINOR,2.0
97756,OR,MINOR,2.0
97758,OR,MINOR,2.0
97759,OR,MINOR,2.0
97760,OR,MINOR,2.0
97761,OR,MINOR,2.0
97801,OR,MINOR,2.0
97810,OR,MINOR,2.0
97812,OR,MINOR,2.0
97813,OR,MINOR,2.0
97814,OR,MINOR,2.0
97817,OR,MINOR,2.0
97818,OR,MINOR,2.0
97819,OR,MINOR,2.0
97820,OR,MINOR,2.0
97823,OR,MINOR,2.0
97824,OR,MINOR,2.0
97825,OR,MINOR,2.0
97826,OR,MINOR,2.0
97827,OR,MINOR,2.0
97828,OR,MINOR,2.0
97830,OR,MINOR,2.0
97833,OR,MINOR,2.0
97834,OR,MINOR,2.0
97835,OR,MINOR,2.0
97836,OR,MINOR,2.0
97837,OR,MINOR,2.0
97838,OR,MINOR,2.0
97839,OR,MINOR,2.0
97840,OR,MINOR,2.0
97841,OR,MINOR,2.0
97842,OR,MINOR,2.0
97843,OR,MINOR,2.0
97844,OR,MINOR,2.0
97845,OR,MINOR,2.0
97846,OR,MINOR,2.0
97848,OR,MINOR,2.0
97850,OR,MINOR,2.0
97856,OR,MINOR,2.0
97857,OR,MINOR,2.0
97859,OR,MINOR,2.0
97862,OR,MINOR,2.0
97864,OR,MINOR,2.0
97865,OR,MINOR,2.0
97867,OR,MINOR,2.0
97868,OR,MINOR,2.0
97869,OR,MINOR,2.0
97870,OR,MINOR,2.0
97873,OR,MINOR,2.0
97874,OR,MINOR,2.0
97875,OR,MINOR,2.0
97876,OR,MINOR,2.0
97877,OR,MINOR,2.0
97880,OR,MINOR,2.0
97882,OR,MINOR,2.0
97883,OR,MINOR,2.0
97884,OR,MINOR,2.0
97885,OR,MINOR,2.0
97886,OR,MINOR,2.0
97901,OR,MINOR,2.0
97902,OR,MINOR,2.0
97903,OR,MINOR,2.0
97904,OR,MINOR,2.0
97905,OR,MINOR,2.0
97906,OR,MINOR,2.0
97907,OR,MINOR,2.0
97908,OR,MINOR,2.0
97909,OR,MINOR,2.0
97910,OR,MINOR,2.0
97911,OR,MINOR,2.0
97913,OR,MINOR,2.0
97914,OR,MINOR,2.0
97917,OR,MINOR,2.0
97918,OR,MINOR,2.0
97920,OR,MINOR,2.0
98001,WA,LIMITED,1.0
98002,WA,LIMITED,1.0
98003,WA,LIMITED,1.0
98006,WA,LIMITED,1.0
98007,WA,LIMITED,1.0
98008,WA,LIMITED,1.0
98010,WA,LIMITED,1.0
98014,WA,MINOR,2.0
98019,WA,LIMITED,1.0
98022,WA,LIMITED,1.0
98023,WA,LIMITED,1.0
98024,WA,MINOR,2.0
98025,WA,MINOR,2.0
98027,WA,LIMITED,1.0
98029,WA,LIMITED,1.0
98030,WA,LIMITED,1.0
98031,WA,LIMITED,1.0
98032,WA,LIMITED,1.0
98035,WA,LIMITED,1.0
98038,WA,LIMITED,1.0
98042,WA,LIMITED,1.0
98045,WA,MINOR,2.0
98047,WA,LIMITED,1.0
98050,WA,MINOR,2.0
98051,WA,LIMITED,1.0
98052,WA,LIMITED,1.0
98053,WA,LIMITED,1.0
98055,WA,LIMITED,1.0
98056,WA,LIMITED,1.0
98057,WA,LIMITED,1.0
98058,WA,LIMITED,1.0
98059,WA,LIMITED,1.0
98063,WA,LIMITED,1.0
98064,WA,LIMITED,1.0
98065,WA,MINOR,2.0
98070,WA,LIMITED,1.0
98071,WA,LIMITED,1.0
98073,WA,LIMITED,1.0
98074,WA,LIMITED,1.0
98075,WA,LIMITED,1.0
98077,WA,LIMITED,1.0
98089,WA,LIMITED,1.0
98092,WA,LIMITED,1.0
98093,WA,LIMITED,1.0
98198,WA,LIMITED,1.0
98220,WA,MODERATE,3.0
98223,WA,LIMITED,1.0
98225,WA,LIMITED,1.0
98226,WA,LIMITED,1.0
98227,WA,LIMITED,1.0
98228,WA,LIMITED,1.0
98229,WA,LIMITED,1.0
98237,WA,MINOR,2.0
98240,WA,LIMITED,1.0
98241,WA,MINOR,2.0
98244,WA,MINOR,2.0
98247,WA,LIMITED,1.0
98248,WA,LIMITED,1.0
98251,WA,MODERATE,3.0
98252,WA,LIMITED,1.0
98255,WA,MODERATE,3.0
98258,WA,LIMITED,1.0
98262,WA,LIMITED,1.0
98264,WA,LIMITED,1.0
98266,WA,MINOR,2.0
98267,WA,MINOR,2.0
98272,WA,LIMITED,1.0
98274,WA,LIMITED,1.0
98276,WA,LIMITED,1.0
98283,WA,MINOR,2.0
98284,WA,MINOR,2.0
98290,WA,LIMITED,1.0
98291,WA,LIMITED,1.0
98293,WA,MODERATE,3.0
98294,WA,MODERATE,3.0
98295,WA,LIMITED,1.0
98296,WA,LIMITED,1.0
98303,WA,LIMITED,1.0
98304,WA,MINOR,2.0
98305,WA,MINOR,2.0
98312,WA,LIMITED,1.0
98315,WA,LIMITED,1.0
98320,WA,MINOR,2.0
98321,WA,LIMITED,1.0
98322,WA,LIMITED,1.0
98323,WA,MINOR,2.0
98324,WA,LIMITED,1.0
98325,WA,LIMITED,1.0
98326,WA,MINOR,2.0
98327,WA,LIMITED,1.0
98328,WA,LIMITED,1.0
98329,WA,LIMITED,1.0
98330,WA,MINOR,2.0
98331,WA,MINOR,2.0
98332,WA,LIMITED,1.0
98333,WA,LIMITED,1.0
98335,WA,LIMITED,1.0
98336,WA,MINOR,2.0
98337,WA,LIMITED,1.0
98338,WA,LIMITED,1.0
98349,WA,LIMITED,1.0
98351,WA,LIMITED,1.0
98354,WA,LIMITED,1.0
98355,WA,MINOR,2.0
98356,WA,MODERATE,3.0
98359,WA,LIMITED,1.0
98360,WA,LIMITED,1.0
98361,WA,MINOR,2.0
98362,WA,LIMITED,1.0
98363,WA,LIMITED,1.0
98366,WA,LIMITED,1.0
98367,WA,LIMITED,1.0
98371,WA,LIMITED,1.0
98372,WA,LIMITED,1.0
98373,WA,LIMITED,1.0
98374,WA,LIMITED,1.0
98375,WA,LIMITED,1.0
98376,WA,LIMITED,1.0
98377,WA,MINOR,2.0
98380,WA,MINOR,2.0
98381,WA,LIMITED,1.0
98382,WA,LIMITED,1.0
98383,WA,LIMITED,1.0
98385,WA,LIMITED,1.0
98387,WA,LIMITED,1.0
98388,WA,LIMITED,1.0
98390,WA,LIMITED,1.0
98391,WA,LIMITED,1.0
98393,WA,LIMITED,1.0
98394,WA,LIMITED,1.0
98395,WA,LIMITED,1.0
98401,WA,LIMITED,1.0
98402,WA,LIMITED,1.0
98403,WA,LIMITED,1.0
98404,WA,LIMITED,1.0
98405,WA,LIMITED,1.0
98406,WA,LIMITED,1.0
98407,WA,LIMITED,1.0
98408,WA,LIMITED,1.0
98409,WA,LIMITED,1.0
98411,WA,LIMITED,1.0
98417,WA,LIMITED,1.0
98418,WA,LIMITED,1.0
98419,WA,LIMITED,1.0
98421,WA,LIMITED,1.0
98422,WA,LIMITED,1.0
98424,WA,LIMITED,1.0
98433,WA,LIMITED,1.0
98438,WA,LIMITED,1.0
98439,WA,LIMITED,1.0
98443,WA,LIMITED,1.0
98444,WA,LIMITED,1.0
98445,WA,LIMITED,1.0
98446,WA,LIMITED,1.0
98448,WA,LIMITED,1.0
98464,WA,LIMITED,1.0
98465,WA,LIMITED,1.0
98466,WA,LIMITED,1.0
98467,WA,LIMITED,1.0
98490,WA,LIMITED,1.0
98496,WA,LIMITED,1.0
98498,WA,LIMITED,1.0
98499,WA,LIMITED,1.0
98501,WA,LIMITED,1.0
98502,WA,LIMITED,1.0
98503,WA,LIMITED,1.0
98506,WA,LIMITED,1.0
98507,WA,LIMITED,1.0
98508,WA,LIMITED,1.0
98509,WA,LIMITED,1.0
98511,WA,LIMITED,1.0
98512,WA,LIMITED,1.0
98513,WA,LIMITED,1.0
98516,WA,LIMITED,1.0
98520,WA,LIMITED,1.0
98524,WA,LIMITED,1.0
98526,WA,MAJOR,4.0
98528,WA,LIMITED,1.0
98530,WA,MINOR,2.0
98531,WA,MINOR,2.0
98532,WA,MINOR,2.0
98533,WA,MINOR,2.0
98537,WA,MINOR,2.0
98538,WA,MINOR,2.0
98540,WA,LIMITED,1.0
98541,WA,MODERATE,3.0
98542,WA,MINOR,2.0
98546,WA,LIMITED,1.0
98548,WA,MODERATE,3.0
98550,WA,LIMITED,1.0
98552,WA,MINOR,2.0
98555,WA,MINOR,2.0
98557,WA,MODERATE,3.0
98558,WA,LIMITED,1.0
98559,WA,MODERATE,3.0
98560,WA,MODERATE,3.0
98563,WA,MINOR,2.0
98564,WA,MODERATE,3.0
98565,WA,MINOR,2.0
98568,WA,MODERATE,3.0
98570,WA,MINOR,2.0
98572,WA,MODERATE,3.0
98575,WA,MAJOR,4.0
98576,WA,LIMITED,1.0
98577,WA,MINOR,2.0
98579,WA,MINOR,2.0
98580,WA,LIMITED,1.0
98581,WA,MINOR,2.0
98582,WA,MINOR,2.0
98584,WA,MINOR,2.0
98585,WA,MINOR,2.0
98586,WA,LIMITED,1.0
98588,WA,MINOR,2.0
98589,WA,MINOR,2.0
98591,WA,MINOR,2.0
98592,WA,MINOR,2.0
98593,WA,MINOR,2.0
98596,WA,MINOR,2.0
98597,WA,LIMITED,1.0
98601,WA,MODERATE,3.0
98602,WA,MINOR,2.0
98603,WA,MAJOR,4.0
98604,WA,MODERATE,3.0
98605,WA,MINOR,2.0
98606,WA,MODERATE,3.0
98607,WA,MODERATE,3.0
98609,WA,MINOR,2.0
98610,WA,MODERATE,3.0
98611,WA,MINOR,2.0
98612,WA,MODERATE,3.0
98613,WA,MINOR,2.0
98616,WA,MAJOR,4.0
98617,WA,MINOR,2.0
98619,WA,MINOR,2.0
98620,WA,MINOR,2.0
98621,WA,MODERATE,3.0
98622,WA,MODERATE,3.0
98625,WA,MODERATE,3.0
98626,WA,MINOR,2.0
98628,WA,MINOR,2.0
98629,WA,MODERATE,3.0
98632,WA,MINOR,2.0
98635,WA,MINOR,2.0
98638,WA,MINOR,2.0
98639,WA,MODERATE,3.0
98642,WA,MODERATE,3.0
98643,WA,MODERATE,3.0
98645,WA,MINOR,2.0
98647,WA,MODERATE,3.0
98648,WA,MODERATE,3.0
98649,WA,MINOR,2.0
98650,WA,MINOR,2.0
98651,WA,MINOR,2.0
98660,WA,MODERATE,3.0
98661,WA,MODERATE,3.0
98662,WA,MODERATE,3.0
98663,WA,MODERATE,3.0
98664,WA,MODERATE,3.0
98665,WA,MODERATE,3.0
98666,WA,MODERATE,3.0
98668,WA,MODERATE,3.0
98670,WA,MINOR,2.0
98671,WA,MODERATE,3.0
98672,WA,MINOR,2.0
98673,WA,MINOR,2.0
98674,WA,MODERATE,3.0
98675,WA,MODERATE,3.0
98682,WA,MODERATE,3.0
98683,WA,MODERATE,3.0
98684,WA,MODERATE,3.0
98685,WA,MODERATE,3.0
98686,WA,MODERATE,3.0
98687,WA,MODERATE,3.0
98801,WA,MINOR,2.0
98802,WA,MINOR,2.0
98807,WA,MINOR,2.0
98812,WA,MINOR,2.0
98813,WA,MINOR,2.0
98814,WA,MINOR,2.0
98815,WA,MINOR,2.0
98816,WA,MINOR,2.0
98822,WA,MINOR,2.0
98823,WA,MINOR,2.0
98826,WA,MINOR,2.0
98827,WA,MINOR,2.0
98828,WA,MINOR,2.0
98830,WA,MINOR,2.0
98831,WA,MINOR,2.0
98832,WA,MINOR,2.0
98833,WA,MINOR,2.0
98834,WA,MINOR,2.0
98837,WA,MINOR,2.0
98840,WA,MINOR,2.0
98841,WA,MINOR,2.0
98843,WA,MINOR,2.0
98844,WA,MINOR,2.0
98845,WA,MINOR,2.0
98846,WA,MINOR,2.0
98847,WA,MINOR,2.0
98848,WA,MINOR,2.0
98849,WA,MINOR,2.0
98850,WA,MINOR,2.0
98851,WA,MINOR,2.0
98853,WA,MINOR,2.0
98855,WA,MINOR,2.0
98856,WA,MINOR,2.0
98857,WA,MINOR,2.0
98858,WA,MINOR,2.0
98859,WA,MINOR,2.0
98860,WA,MINOR,2.0
98862,WA,MINOR,2.0
98901,WA,MINOR,2.0
98902,WA,MINOR,2.0
98903,WA,MINOR,2.0
98907,WA,MINOR,2.0
98908,WA,MINOR,2.0
98909,WA,MINOR,2.0
98921,WA,MINOR,2.0
98922,WA,MINOR,2.0
98923,WA,MINOR,2.0
98926,WA,MINOR,2.0
98930,WA,MINOR,2.0
98932,WA,MINOR,2.0
98933,WA,MINOR,2.0
98935,WA,MINOR,2.0
98936,WA,MINOR,2.0
98937,WA,MINOR,2.0
98938,WA,MINOR,2.0
98942,WA,MINOR,2.0
98944,WA,MINOR,2.0
98946,WA,MINOR,2.0
98947,WA,MINOR,2.0
98948,WA,MINOR,2.0
98951,WA,MINOR,2.0
98952,WA,MINOR,2.0
98953,WA,MINOR,2.0
99001,WA,MINOR,2.0
99003,WA,MINOR,2.0
99004,WA,MINOR,2.0
99005,WA,MINOR,2.0
99006,WA,MINOR,2.0
99008,WA,MINOR,2.0
99009,WA,MINOR,2.0
99011,WA,MINOR,2.0
99012,WA,MINOR,2.0
99013,WA,MINOR,2.0
99014,WA,MINOR,2.0
99016,WA,MINOR,2.0
99017,WA,MINOR,2.0
99018,WA,MINOR,2.0
99019,WA,MINOR,2.0
99021,WA,MINOR,2.0
99022,WA,MINOR,2.0
99023,WA,MINOR,2.0
99025,WA,MINOR,2.0
99026,WA,MINOR,2.0
99027,WA,MINOR,2.0
99029,WA,MINOR,2.0
99030,WA,MINOR,2.0
99031,WA,MINOR,2.0
99032,WA,MINOR,2.0
99033,WA,MINOR,2.0
99034,WA,MINOR,2.0
99036,WA,MINOR,2.0
99037,WA,MINOR,2.0
99040,WA,MINOR,2.0
99101,WA,MINOR,2.0
99103,WA,MINOR,2.0
99104,WA,MINOR,2.0
99105,WA,MINOR,2.0
99109,WA,MINOR,2.0
99110,WA,MINOR,2.0
99111,WA,MINOR,2.0
99113,WA,MINOR,2.0
99114,WA,MINOR,2.0
99115,WA,MINOR,2.0
99116,WA,MINOR,2.0
99117,WA,MINOR,2.0
99118,WA,MINOR,2.0
99119,WA,MINOR,2.0
99121,WA,MINOR,2.0
99122,WA,MINOR,2.0
99123,WA,MINOR,2.0
99125,WA,MINOR,2.0
99126,WA,MINOR,2.0
99128,WA,MINOR,2.0
99129,WA,MINOR,2.0
99130,WA,MINOR,2.0
99131,WA,MINOR,2.0
99133,WA,MINOR,2.0
99134,WA,MINOR,2.0
99135,WA,MINOR,2.0
99136,WA,MINOR,2.0
99137,WA,MINOR,2.0
99138,WA,MINOR,2.0
99139,WA,MINOR,2.0
99140,WA,MINOR,2.0
99141,WA,MINOR,2.0
99143,WA,MINOR,2.0
99144,WA,MINOR,2.0
99147,WA,MINOR,2.0
99148,WA,MINOR,2.0
99150,WA,MINOR,2.0
99153,WA,MINOR,2.0
99154,WA,MINOR,2.0
99156,WA,MINOR,2.0
99157,WA,MINOR,2.0
99158,WA,MINOR,2.0
99159,WA,MINOR,2.0
99160,WA,MINOR,2.0
99161,WA,MINOR,2.0
99163,WA,MINOR,2.0
99166,WA,MINOR,2.0
99167,WA,MINOR,2.0
99169,WA,MINOR,2.0
99170,WA,MINOR,2.0
99171,WA,MINOR,2.0
99173,WA,MINOR,2.0
99176,WA,MINOR,2.0
99179,WA,MINOR,2.0
99180,WA,MINOR,2.0
99181,WA,MINOR,2.0
99185,WA,MINOR,2.0
99201,WA,MINOR,2.0
99202,WA,MINOR,2.0
99203,WA,MINOR,2.0
99204,WA,MINOR,2.0
99205,WA,MINOR,2.0
99206,WA,MINOR,2.0
99207,WA,MINOR,2.0
99208,WA,MINOR,2.0
99209,WA,MINOR,2.0
99210,WA,MINOR,2.0
99211,WA,MINOR,2.0
99212,WA,MINOR,2.0
99213,WA,MINOR,2.0
99214,WA,MINOR,2.0
99216,WA,MINOR,2.0
99217,WA,MINOR,2.0
99218,WA,MINOR,2.0
99219,WA,MINOR,2.0
99220,WA,MINOR,2.0
99223,WA,MINOR,2.0
99224,WA,MINOR,2.0
99228,WA,MINOR,2.0
99301,WA,MINOR,2.0
99302,WA,MINOR,2.0
99320,WA,MINOR,2.0
99321,WA,MINOR,2.0
99322,WA,MINOR,2.0
99323,WA,MINOR,2.0
99324,WA,MINOR,2.0
99326,WA,MINOR,2.0
99328,WA,MINOR,2.0
99329,WA,MINOR,2.0
99330,WA,MINOR,2.0
99336,WA,MINOR,2.0
99337,WA,MINOR,2.0
99338,WA,MINOR,2.0
99341,WA,MINOR,2.0
99343,WA,MINOR,2.0
99344,WA,MINOR,2.0
99347,WA,MINOR,2.0
99348,WA,MINOR,2.0
99349,WA,MINOR,2.0
99350,WA,MINOR,2.0
99352,WA,MINOR,2.0
99353,WA,MINOR,2.0
99354,WA,MINOR,2.0
99356,WA,MINOR,2.0
99357,WA,MINOR,2.0
99360,WA,MINOR,2.0
99361,WA,MINOR,2.0
99362,WA,MINOR,2.0
99371,WA,MINOR,2.0
99401,WA,MINOR,2.0
99402,WA,MINOR,2.0
99403,WA,MINOR,2.0
